#{"t_start": 1761301565.697262, "env_id": "None"}
r,l,t
-12.0,100,0.639725
4.0,100,0.639775
-57.0,100,0.639784
-13.0,100,0.639791
-35.0,100,0.639796
-45.0,100,0.639801
11.0,100,0.639806
-19.0,100,0.63981
5.0,100,0.639814
-36.0,100,0.639818
-7.0,100,0.761466
12.0,100,0.761491
-40.0,100,0.761502
-53.0,100,0.761508
-65.0,100,0.761513
-38.0,100,0.761519
-31.0,100,0.761524
-30.0,100,0.761528
3.0,100,0.761535
-20.0,100,0.761539
2.0,100,0.882638
13.0,100,0.882673
-7.0,100,0.882681
-35.0,100,0.882687
-41.0,100,0.882691
17.0,100,0.882698
-23.0,100,0.882703
0.0,100,0.882707
-6.0,100,0.882712
-25.0,100,0.882716
-38.0,100,1.003415
-75.0,100,1.003428
-64.0,100,1.003434
-17.0,100,1.003439
-3.0,100,1.003444
-22.0,100,1.003448
-13.0,100,1.003455
-12.0,100,1.003458
-37.0,100,1.003462
3.0,100,1.003466
-35.0,100,1.124553
1.0,100,1.124596
-5.0,100,1.124605
-84.0,100,1.124611
-24.0,100,1.124617
-33.0,100,1.124622
-14.0,100,1.124627
-24.0,100,1.124632
-68.0,100,1.124638
-58.0,100,1.124643
-9.0,100,1.245875
-59.0,100,1.245903
-19.0,100,1.245909
-1.0,100,1.245915
-40.0,100,1.24592
-24.0,100,1.245929
-50.0,100,1.245933
-19.0,100,1.245937
-6.0,100,1.245941
-46.0,100,1.245948
-34.0,100,1.366578
-22.0,100,1.366592
-9.0,100,1.366598
-51.0,100,1.366603
-36.0,100,1.366608
-48.0,100,1.366612
-28.0,100,1.366616
10.0,100,1.366619
-58.0,100,1.366623
-48.0,100,1.366627
1.0,100,1.486787
-46.0,100,1.486799
27.0,100,1.486808
13.0,100,1.486813
-28.0,100,1.486818
-2.0,100,1.486822
-21.0,100,1.486826
-19.0,100,1.48683
-42.0,100,1.486834
-58.0,100,1.486838
-11.0,100,1.607217
-11.0,100,1.607235
-24.0,100,1.607241
-50.0,100,1.607246
-66.0,100,1.607251
-27.0,100,1.607258
-34.0,100,1.607262
-10.0,100,1.607266
-51.0,100,1.60727
-34.0,100,1.607274
0.0,100,1.732748
-48.0,100,1.732786
-21.0,100,1.732795
-21.0,100,1.732801
-12.0,100,1.732809
-65.0,100,1.732816
-7.0,100,1.732822
-44.0,100,1.73283
-39.0,100,1.732835
-53.0,100,1.732841
-32.0,100,1.854576
-31.0,100,1.854621
-26.0,100,1.854631
-20.0,100,1.854636
-42.0,100,1.854641
-21.0,100,1.854648
-44.0,100,1.854652
-56.0,100,1.854656
-38.0,100,1.85466
-48.0,100,1.854664
-12.0,100,1.976803
-27.0,100,1.976847
9.0,100,1.976854
-34.0,100,1.97686
-45.0,100,1.976865
-4.0,100,1.97687
1.0,100,1.976874
-39.0,100,1.976878
-4.0,100,1.976883
-7.0,100,1.976886
-26.0,100,2.097668
-41.0,100,2.097682
-32.0,100,2.097688
-22.0,100,2.097693
-75.0,100,2.097697
-18.0,100,2.097702
-19.0,100,2.097706
-73.0,100,2.09771
-61.0,100,2.097714
-12.0,100,2.097718
-49.0,100,2.218752
-8.0,100,2.21879
-47.0,100,2.218799
-53.0,100,2.218805
-6.0,100,2.21881
-57.0,100,2.218815
-10.0,100,2.218819
-28.0,100,2.218823
8.0,100,2.218827
-51.0,100,2.218831
-61.0,100,2.33992
-47.0,100,2.339938
-53.0,100,2.339944
-43.0,100,2.339948
-31.0,100,2.339953
-23.0,100,2.339957
-19.0,100,2.339961
-57.0,100,2.339965
-5.0,100,2.339969
-56.0,100,2.339973
-51.0,100,2.460679
-32.0,100,2.460692
-24.0,100,2.460698
-13.0,100,2.460704
-67.0,100,2.460708
-66.0,100,2.460713
-38.0,100,2.460717
-26.0,100,2.460721
-11.0,100,2.460724
-30.0,100,2.460729
-57.0,100,2.581314
4.0,100,2.581324
-18.0,100,2.58133
-2.0,100,2.581335
-43.0,100,2.581339
-33.0,100,2.581343
-12.0,100,2.581348
0.0,100,2.581352
-5.0,100,2.581356
-44.0,100,2.581359
-75.0,100,2.701801
-30.0,100,2.701811
-30.0,100,2.701816
-2.0,100,2.701821
-35.0,100,2.701825
-40.0,100,2.701829
-57.0,100,2.701832
-40.0,100,2.701836
-19.0,100,2.70184
-60.0,100,2.701843
-36.0,100,2.822403
-37.0,100,2.822418
-62.0,100,2.822423
-50.0,100,2.822428
-15.0,100,2.822432
-24.0,100,2.822436
-17.0,100,2.82244
-43.0,100,2.822443
-29.0,100,2.822447
-13.0,100,2.822451
-23.0,100,2.942877
0.0,100,2.942892
-22.0,100,2.942899
-15.0,100,2.942905
-34.0,100,2.942911
-20.0,100,2.942916
-35.0,100,2.942921
2.0,100,2.942927
-25.0,100,2.942932
-23.0,100,2.942937
-3.0,100,5.769851
-9.0,100,5.769907
-19.0,100,5.76992
-38.0,100,5.769927
-61.0,100,5.769936
-27.0,100,5.769942
-40.0,100,5.769957
-23.0,100,5.769962
-5.0,100,5.769966
-13.0,100,5.76997
-22.0,100,5.890653
-48.0,100,5.890681
17.0,100,5.890692
-54.0,100,5.890698
-1.0,100,5.890703
-22.0,100,5.89071
-12.0,100,5.890715
7.0,100,5.890719
-16.0,100,5.890723
9.0,100,5.890727
-36.0,100,6.011275
-27.0,100,6.011285
-60.0,100,6.011295
19.0,100,6.011299
-63.0,100,6.011304
-10.0,100,6.011309
18.0,100,6.011315
-23.0,100,6.01132
-41.0,100,6.011324
-11.0,100,6.011327
-21.0,100,6.131614
-35.0,100,6.131623
-14.0,100,6.131629
5.0,100,6.131634
-10.0,100,6.131638
-30.0,100,6.131642
-39.0,100,6.131648
-30.0,100,6.131652
-7.0,100,6.131656
-1.0,100,6.131659
-35.0,100,6.251752
2.0,100,6.251771
-24.0,100,6.251776
-11.0,100,6.251781
-22.0,100,6.251785
-29.0,100,6.251789
-52.0,100,6.251793
-17.0,100,6.251797
7.0,100,6.251801
0.0,100,6.251805
0.0,100,6.372605
-9.0,100,6.372616
28.0,100,6.372622
5.0,100,6.372627
14.0,100,6.372631
3.0,100,6.372635
-6.0,100,6.372639
-40.0,100,6.372643
9.0,100,6.372646
-36.0,100,6.37265
4.0,100,6.492675
-2.0,100,6.492691
-21.0,100,6.492699
-30.0,100,6.492705
-20.0,100,6.492714
23.0,100,6.492719
-38.0,100,6.492723
-13.0,100,6.492726
12.0,100,6.49273
-11.0,100,6.492734
-20.0,100,6.612583
-26.0,100,6.612592
-1.0,100,6.612601
13.0,100,6.612605
-43.0,100,6.612609
24.0,100,6.612613
-22.0,100,6.612617
-6.0,100,6.612621
-2.0,100,6.612624
8.0,100,6.612628
22.0,100,6.73678
20.0,100,6.736816
-15.0,100,6.736824
-12.0,100,6.73683
-9.0,100,6.736835
7.0,100,6.73684
4.0,100,6.736844
29.0,100,6.736849
10.0,100,6.736853
-18.0,100,6.736857
0.0,100,6.85788
-17.0,100,6.857918
-13.0,100,6.857927
-30.0,100,6.857933
-27.0,100,6.857938
-11.0,100,6.857942
-12.0,100,6.857946
-7.0,100,6.85795
2.0,100,6.857954
-16.0,100,6.857958
2.0,100,6.979898
8.0,100,6.979936
-26.0,100,6.979943
-5.0,100,6.979949
-11.0,100,6.979957
-4.0,100,6.979962
-30.0,100,6.979966
-14.0,100,6.97997
-1.0,100,6.979975
-24.0,100,6.979979
26.0,100,7.101176
5.0,100,7.101209
-7.0,100,7.101215
-2.0,100,7.10122
-42.0,100,7.101224
8.0,100,7.101229
-8.0,100,7.101233
-2.0,100,7.101237
-6.0,100,7.101241
7.0,100,7.101245
16.0,100,7.221669
-2.0,100,7.221689
-7.0,100,7.221697
-40.0,100,7.221702
-2.0,100,7.221708
-16.0,100,7.221712
-21.0,100,7.221717
-17.0,100,7.221721
-1.0,100,7.221724
-41.0,100,7.221728
-17.0,100,7.343003
-9.0,100,7.343038
10.0,100,7.343044
-46.0,100,7.343052
6.0,100,7.343057
-51.0,100,7.343061
-20.0,100,7.343065
-17.0,100,7.343069
-10.0,100,7.343074
-31.0,100,7.343077
-10.0,100,7.463492
-40.0,100,7.463506
0.0,100,7.463513
-18.0,100,7.463518
-41.0,100,7.463523
4.0,100,7.463527
-5.0,100,7.463531
10.0,100,7.463535
-33.0,100,7.463539
-35.0,100,7.463542
-65.0,100,7.583903
-9.0,100,7.583919
6.0,100,7.583927
0.0,100,7.583933
11.0,100,7.583938
7.0,100,7.583942
-2.0,100,7.583946
-23.0,100,7.583951
-7.0,100,7.583955
-2.0,100,7.583962
-11.0,100,7.704059
-1.0,100,7.704068
-9.0,100,7.704073
-61.0,100,7.704078
6.0,100,7.704082
0.0,100,7.704085
-3.0,100,7.704089
-19.0,100,7.704093
-31.0,100,7.704097
6.0,100,7.7041
-26.0,100,7.824339
-15.0,100,7.82435
41.0,100,7.824356
-40.0,100,7.824361
-4.0,100,7.824365
-30.0,100,7.824369
-27.0,100,7.824373
-25.0,100,7.824377
-29.0,100,7.824381
-27.0,100,7.824385
-13.0,100,7.944669
-30.0,100,7.944684
-48.0,100,7.94469
-5.0,100,7.944695
2.0,100,7.944699
-8.0,100,7.944703
-17.0,100,7.944708
-21.0,100,7.944712
-6.0,100,7.944715
-14.0,100,7.944719
-33.0,100,8.06486
-6.0,100,8.064875
16.0,100,8.064883
-30.0,100,8.064888
-4.0,100,8.064893
-30.0,100,8.064901
-21.0,100,8.064905
-11.0,100,8.064909
7.0,100,8.064913
-35.0,100,8.064917
-5.0,100,10.857101
-12.0,100,10.857144
-32.0,100,10.857155
4.0,100,10.85716
-24.0,100,10.85717
-35.0,100,10.857174
3.0,100,10.857179
-10.0,100,10.857183
-3.0,100,10.857187
16.0,100,10.857191
5.0,100,10.978871
-20.0,100,10.978885
-16.0,100,10.97889
23.0,100,10.978895
9.0,100,10.978899
9.0,100,10.978903
-3.0,100,10.978907
11.0,100,10.97891
22.0,100,10.978924
19.0,100,10.978928
2.0,100,11.099704
13.0,100,11.099715
-2.0,100,11.09972
14.0,100,11.099724
10.0,100,11.099729
-12.0,100,11.099732
-4.0,100,11.099736
11.0,100,11.09974
-20.0,100,11.099744
-7.0,100,11.099747
-25.0,100,11.219736
21.0,100,11.219754
4.0,100,11.219761
14.0,100,11.219767
-5.0,100,11.219772
11.0,100,11.219776
6.0,100,11.21978
13.0,100,11.219784
-7.0,100,11.219788
15.0,100,11.219792
21.0,100,11.340097
27.0,100,11.340118
18.0,100,11.340126
-1.0,100,11.340131
21.0,100,11.340136
-1.0,100,11.340141
-11.0,100,11.340148
-7.0,100,11.340152
6.0,100,11.340156
-12.0,100,11.340159
6.0,100,11.460716
-11.0,100,11.460735
10.0,100,11.460743
-6.0,100,11.460749
-16.0,100,11.460754
-15.0,100,11.460759
-3.0,100,11.460763
7.0,100,11.460766
2.0,100,11.460771
-17.0,100,11.460774
17.0,100,11.581068
43.0,100,11.581077
-15.0,100,11.581082
-19.0,100,11.581086
18.0,100,11.58109
16.0,100,11.581094
4.0,100,11.581098
13.0,100,11.581102
11.0,100,11.581105
30.0,100,11.581109
2.0,100,11.704693
5.0,100,11.704735
-5.0,100,11.704743
2.0,100,11.704749
6.0,100,11.704754
0.0,100,11.704758
-25.0,100,11.704762
-8.0,100,11.704767
-15.0,100,11.704771
-31.0,100,11.704775
26.0,100,11.825996
-9.0,100,11.826024
0.0,100,11.826031
7.0,100,11.826036
-6.0,100,11.826041
31.0,100,11.826046
-15.0,100,11.82605
17.0,100,11.826054
11.0,100,11.826058
9.0,100,11.826062
-15.0,100,11.946887
15.0,100,11.946907
0.0,100,11.946914
21.0,100,11.946923
13.0,100,11.946928
3.0,100,11.946932
5.0,100,11.94694
-3.0,100,11.946944
-1.0,100,11.946948
23.0,100,11.946952
-8.0,100,12.069585
-24.0,100,12.069629
-2.0,100,12.069638
-4.0,100,12.069644
21.0,100,12.069649
10.0,100,12.069654
-1.0,100,12.069658
21.0,100,12.069664
-23.0,100,12.06967
-68.0,100,12.069675
3.0,100,12.192149
-5.0,100,12.192187
12.0,100,12.192197
9.0,100,12.192203
6.0,100,12.192208
4.0,100,12.192212
6.0,100,12.192217
-6.0,100,12.192221
12.0,100,12.192225
47.0,100,12.192232
25.0,100,12.316595
6.0,100,12.316639
10.0,100,12.31665
13.0,100,12.316656
4.0,100,12.316661
-14.0,100,12.316666
-12.0,100,12.316673
4.0,100,12.316677
15.0,100,12.316681
-13.0,100,12.316685
17.0,100,12.438622
18.0,100,12.438661
41.0,100,12.438667
53.0,100,12.438676
11.0,100,12.43868
1.0,100,12.438685
14.0,100,12.43869
18.0,100,12.438694
33.0,100,12.438698
7.0,100,12.438705
-2.0,100,12.561779
15.0,100,12.561809
-12.0,100,12.561815
6.0,100,12.561819
4.0,100,12.561824
4.0,100,12.561828
37.0,100,12.561832
-12.0,100,12.561836
3.0,100,12.56184
-14.0,100,12.561844
-1.0,100,12.684395
11.0,100,12.684443
-11.0,100,12.684452
7.0,100,12.684458
9.0,100,12.684463
-17.0,100,12.684468
-9.0,100,12.684472
-22.0,100,12.684476
-13.0,100,12.68448
56.0,100,12.684484
1.0,100,12.806562
-35.0,100,12.806599
-8.0,100,12.806605
32.0,100,12.80661
9.0,100,12.806615
6.0,100,12.806619
14.0,100,12.806623
14.0,100,12.806627
2.0,100,12.806631
-11.0,100,12.806634
-1.0,100,12.929814
-3.0,100,12.929855
31.0,100,12.929862
2.0,100,12.929868
-8.0,100,12.929873
-4.0,100,12.929877
-4.0,100,12.929882
-2.0,100,12.929886
11.0,100,12.92989
12.0,100,12.929894
8.0,100,13.054316
13.0,100,13.05436
-8.0,100,13.054368
42.0,100,13.054373
-11.0,100,13.054378
-9.0,100,13.054383
-6.0,100,13.054388
28.0,100,13.054392
21.0,100,13.054396
14.0,100,13.0544
1.0,100,13.178353
0.0,100,13.178394
-8.0,100,13.178402
13.0,100,13.178408
41.0,100,13.178413
-1.0,100,13.178418
23.0,100,13.178422
3.0,100,13.178426
0.0,100,13.178429
15.0,100,13.178433
10.0,100,13.301811
6.0,100,13.301852
-4.0,100,13.301863
5.0,100,13.301868
11.0,100,13.301873
-23.0,100,13.301877
-5.0,100,13.301882
-9.0,100,13.301886
-34.0,100,13.30189
-1.0,100,13.301894
-7.0,100,16.235519
18.0,100,16.235566
30.0,100,16.235574
18.0,100,16.235583
13.0,100,16.235589
-5.0,100,16.235593
18.0,100,16.235598
26.0,100,16.235602
-8.0,100,16.235606
-6.0,100,16.23561
15.0,100,16.360196
17.0,100,16.36024
12.0,100,16.360249
30.0,100,16.360255
-3.0,100,16.36026
46.0,100,16.360274
-4.0,100,16.360279
9.0,100,16.360283
2.0,100,16.360287
23.0,100,16.360291
34.0,100,16.482618
20.0,100,16.482651
8.0,100,16.482657
7.0,100,16.482662
9.0,100,16.482666
-5.0,100,16.48267
28.0,100,16.482675
20.0,100,16.482679
23.0,100,16.482683
-1.0,100,16.482687
9.0,100,16.605007
32.0,100,16.605042
0.0,100,16.60505
8.0,100,16.605056
46.0,100,16.605061
-11.0,100,16.605065
60.0,100,16.60507
19.0,100,16.605074
13.0,100,16.605078
35.0,100,16.605082
7.0,100,16.734494
10.0,100,16.73454
19.0,100,16.73455
32.0,100,16.734556
6.0,100,16.734561
1.0,100,16.734566
34.0,100,16.73457
-7.0,100,16.734574
44.0,100,16.734578
12.0,100,16.734582
38.0,100,16.860584
-1.0,100,16.860633
16.0,100,16.86064
14.0,100,16.860645
42.0,100,16.86065
-3.0,100,16.860655
3.0,100,16.860659
31.0,100,16.860663
24.0,100,16.860667
18.0,100,16.860671
36.0,100,16.985979
45.0,100,16.986022
23.0,100,16.986032
20.0,100,16.986038
27.0,100,16.986042
38.0,100,16.98605
14.0,100,16.986054
10.0,100,16.986058
23.0,100,16.986063
36.0,100,16.986067
18.0,100,17.111201
13.0,100,17.111244
0.0,100,17.111252
-15.0,100,17.111258
29.0,100,17.111263
25.0,100,17.111268
37.0,100,17.111272
20.0,100,17.111276
40.0,100,17.11128
-5.0,100,17.111284
24.0,100,17.234358
13.0,100,17.234397
17.0,100,17.234406
44.0,100,17.234414
28.0,100,17.234419
33.0,100,17.234424
32.0,100,17.234431
10.0,100,17.234435
19.0,100,17.234439
6.0,100,17.234443
19.0,100,17.357224
22.0,100,17.357268
13.0,100,17.35728
33.0,100,17.357286
27.0,100,17.357295
22.0,100,17.3573
16.0,100,17.357305
34.0,100,17.357312
39.0,100,17.357316
22.0,100,17.35732
11.0,100,17.492627
26.0,100,17.492682
15.0,100,17.492692
31.0,100,17.492699
53.0,100,17.492705
13.0,100,17.49271
46.0,100,17.492715
4.0,100,17.492719
1.0,100,17.492724
55.0,100,17.492729
12.0,100,17.621104
2.0,100,17.621135
16.0,100,17.621145
15.0,100,17.621152
-15.0,100,17.621159
-3.0,100,17.621165
3.0,100,17.621173
-10.0,100,17.62118
16.0,100,17.621187
-27.0,100,17.621194
3.0,100,17.751495
-3.0,100,17.751541
8.0,100,17.751549
11.0,100,17.751555
43.0,100,17.75156
37.0,100,17.751565
12.0,100,17.75157
9.0,100,17.751574
27.0,100,17.751578
23.0,100,17.751582
-1.0,100,17.875387
15.0,100,17.875426
12.0,100,17.875435
29.0,100,17.875442
48.0,100,17.875448
-17.0,100,17.875455
18.0,100,17.875461
20.0,100,17.875466
15.0,100,17.875472
38.0,100,17.875476
2.0,100,18.001303
1.0,100,18.001344
4.0,100,18.001352
26.0,100,18.001358
-22.0,100,18.001363
-8.0,100,18.001368
-1.0,100,18.001372
31.0,100,18.001377
-1.0,100,18.001381
11.0,100,18.001385
17.0,100,18.126568
18.0,100,18.126613
32.0,100,18.126621
1.0,100,18.126626
38.0,100,18.126631
6.0,100,18.126635
10.0,100,18.126639
22.0,100,18.126643
21.0,100,18.126647
34.0,100,18.12665
24.0,100,18.249245
4.0,100,18.249281
46.0,100,18.249287
26.0,100,18.249291
19.0,100,18.249295
12.0,100,18.2493
2.0,100,18.249304
23.0,100,18.249308
42.0,100,18.249312
45.0,100,18.249315
-4.0,100,18.371602
0.0,100,18.371622
7.0,100,18.371627
-19.0,100,18.371632
-28.0,100,18.371636
-2.0,100,18.37164
8.0,100,18.371643
20.0,100,18.371647
-11.0,100,18.371651
-19.0,100,18.371655
47.0,100,18.495192
19.0,100,18.495236
20.0,100,18.495244
36.0,100,18.49525
0.0,100,18.495255
28.0,100,18.49526
14.0,100,18.495264
-17.0,100,18.495268
1.0,100,18.495273
36.0,100,18.495277
-20.0,100,18.623091
14.0,100,18.623146
-6.0,100,18.623156
7.0,100,18.623163
-15.0,100,18.623168
12.0,100,18.623173
17.0,100,18.623178
-6.0,100,18.623183
15.0,100,18.623187
6.0,100,18.623192
-22.0,100,21.539661
5.0,100,21.540529
24.0,100,21.540552
17.0,100,21.540559
-16.0,100,21.540564
-7.0,100,21.54057
-1.0,100,21.540575
29.0,100,21.540579
0.0,100,21.540584
-12.0,100,21.540588
26.0,100,21.664021
31.0,100,21.664075
2.0,100,21.664084
-3.0,100,21.664091
8.0,100,21.664097
29.0,100,21.664102
36.0,100,21.664107
18.0,100,21.664112
-1.0,100,21.664117
8.0,100,21.664122
4.0,100,21.790327
5.0,100,21.790371
17.0,100,21.790389
24.0,100,21.790396
16.0,100,21.790404
11.0,100,21.790408
16.0,100,21.790413
58.0,100,21.790417
14.0,100,21.790421
38.0,100,21.790424
19.0,100,21.912548
21.0,100,21.912593
30.0,100,21.912601
22.0,100,21.912607
30.0,100,21.912612
39.0,100,21.912619
31.0,100,21.912624
17.0,100,21.912628
9.0,100,21.912636
18.0,100,21.91264
21.0,100,22.035368
42.0,100,22.035412
28.0,100,22.035423
62.0,100,22.035429
38.0,100,22.035438
19.0,100,22.035443
21.0,100,22.035447
18.0,100,22.035451
17.0,100,22.035459
20.0,100,22.035462
31.0,100,22.158936
41.0,100,22.158977
29.0,100,22.158985
24.0,100,22.158991
11.0,100,22.158996
12.0,100,22.159
15.0,100,22.159005
37.0,100,22.159009
27.0,100,22.159013
43.0,100,22.159016
48.0,100,22.280535
39.0,100,22.280553
3.0,100,22.280559
17.0,100,22.280564
31.0,100,22.280568
22.0,100,22.280572
35.0,100,22.280576
36.0,100,22.28058
25.0,100,22.280584
44.0,100,22.280588
1.0,100,22.402464
18.0,100,22.402506
22.0,100,22.402516
16.0,100,22.402522
23.0,100,22.402527
5.0,100,22.402532
25.0,100,22.402536
-2.0,100,22.402539
5.0,100,22.402543
24.0,100,22.402547
44.0,100,22.524518
29.0,100,22.524557
37.0,100,22.524564
35.0,100,22.524569
51.0,100,22.524573
27.0,100,22.524577
25.0,100,22.524582
31.0,100,22.524586
24.0,100,22.52459
44.0,100,22.524593
26.0,100,22.645981
31.0,100,22.645997
11.0,100,22.646004
40.0,100,22.64601
37.0,100,22.646014
35.0,100,22.646019
26.0,100,22.646023
33.0,100,22.646027
17.0,100,22.646031
50.0,100,22.646034
38.0,100,22.766843
44.0,100,22.766859
48.0,100,22.766867
26.0,100,22.766872
11.0,100,22.766877
40.0,100,22.766882
3.0,100,22.766886
46.0,100,22.76689
5.0,100,22.766894
15.0,100,22.766898
27.0,100,22.887979
8.0,100,22.887992
26.0,100,22.888
39.0,100,22.888006
0.0,100,22.88801
31.0,100,22.888015
12.0,100,22.888022
20.0,100,22.888026
46.0,100,22.88803
9.0,100,22.888033
36.0,100,23.011216
32.0,100,23.011252
29.0,100,23.011259
16.0,100,23.011264
26.0,100,23.011268
38.0,100,23.011273
43.0,100,23.011277
28.0,100,23.011281
30.0,100,23.011284
21.0,100,23.011288
42.0,100,23.13823
17.0,100,23.138279
43.0,100,23.138287
14.0,100,23.138293
30.0,100,23.138298
4.0,100,23.138305
58.0,100,23.13831
20.0,100,23.138314
25.0,100,23.138318
40.0,100,23.138325
38.0,100,23.266019
6.0,100,23.266065
32.0,100,23.266073
29.0,100,23.266079
1.0,100,23.266084
29.0,100,23.266088
30.0,100,23.266092
14.0,100,23.266096
28.0,100,23.266101
43.0,100,23.266104
64.0,100,23.394831
28.0,100,23.39487
10.0,100,23.394877
34.0,100,23.394883
22.0,100,23.394888
27.0,100,23.394892
15.0,100,23.394896
16.0,100,23.3949
46.0,100,23.394904
-9.0,100,23.394908
37.0,100,23.520622
38.0,100,23.520663
7.0,100,23.520671
30.0,100,23.520676
23.0,100,23.520682
10.0,100,23.520687
42.0,100,23.520692
37.0,100,23.520696
35.0,100,23.5207
36.0,100,23.520704
13.0,100,23.64476
30.0,100,23.644805
21.0,100,23.644816
27.0,100,23.644822
44.0,100,23.644827
28.0,100,23.644832
41.0,100,23.644837
19.0,100,23.644841
11.0,100,23.644845
57.0,100,23.644849
27.0,100,23.76687
22.0,100,23.766891
56.0,100,23.766899
25.0,100,23.766905
25.0,100,23.76691
35.0,100,23.766914
9.0,100,23.766918
22.0,100,23.766922
32.0,100,23.766926
43.0,100,23.76693
13.0,100,23.889601
-7.0,100,23.889625
18.0,100,23.889636
-18.0,100,23.889642
-2.0,100,23.889647
0.0,100,23.889652
-12.0,100,23.889659
-15.0,100,23.889664
20.0,100,23.889668
-4.0,100,23.889675
29.0,100,24.015089
21.0,100,24.015135
32.0,100,24.015142
19.0,100,24.015148
16.0,100,24.015153
23.0,100,24.015157
38.0,100,24.015161
12.0,100,24.015165
26.0,100,24.015169
29.0,100,24.015173
35.0,100,26.856348
10.0,100,26.856383
15.0,100,26.85639
44.0,100,26.856396
42.0,100,26.856401
32.0,100,26.856406
25.0,100,26.856414
26.0,100,26.856418
41.0,100,26.856422
47.0,100,26.856426
10.0,100,26.978616
39.0,100,26.978662
41.0,100,26.97867
21.0,100,26.978679
29.0,100,26.978684
55.0,100,26.978689
55.0,100,26.978693
32.0,100,26.9787
33.0,100,26.978704
26.0,100,26.978719
37.0,100,27.101201
30.0,100,27.101244
29.0,100,27.101255
7.0,100,27.10126
19.0,100,27.10127
30.0,100,27.101274
29.0,100,27.101279
35.0,100,27.101286
37.0,100,27.10129
6.0,100,27.101294
39.0,100,27.222851
25.0,100,27.222894
37.0,100,27.222902
9.0,100,27.222907
42.0,100,27.222912
38.0,100,27.222917
34.0,100,27.222924
24.0,100,27.222928
23.0,100,27.222932
38.0,100,27.222936
18.0,100,27.343948
34.0,100,27.343959
45.0,100,27.343964
2.0,100,27.343968
37.0,100,27.343972
45.0,100,27.343976
33.0,100,27.34398
38.0,100,27.343984
22.0,100,27.343987
41.0,100,27.343991
15.0,100,27.465484
16.0,100,27.465519
35.0,100,27.465526
20.0,100,27.465532
35.0,100,27.465537
25.0,100,27.465541
11.0,100,27.465545
29.0,100,27.46555
12.0,100,27.465554
22.0,100,27.465558
23.0,100,27.588505
46.0,100,27.588542
37.0,100,27.588549
26.0,100,27.588555
36.0,100,27.58856
1.0,100,27.588565
31.0,100,27.588569
34.0,100,27.588573
29.0,100,27.588578
24.0,100,27.588582
43.0,100,27.710035
53.0,100,27.710055
22.0,100,27.710064
24.0,100,27.710069
37.0,100,27.710074
39.0,100,27.710078
28.0,100,27.710082
17.0,100,27.710086
45.0,100,27.71009
36.0,100,27.710095
10.0,100,27.830678
24.0,100,27.830687
27.0,100,27.830692
43.0,100,27.830697
40.0,100,27.830701
25.0,100,27.830705
39.0,100,27.830709
28.0,100,27.830713
23.0,100,27.830717
30.0,100,27.83072
48.0,100,27.951448
25.0,100,27.951478
53.0,100,27.951488
43.0,100,27.951493
52.0,100,27.951498
19.0,100,27.951506
12.0,100,27.95151
18.0,100,27.951514
30.0,100,27.951518
34.0,100,27.951522
38.0,100,28.073062
29.0,100,28.073086
21.0,100,28.073096
46.0,100,28.073102
15.0,100,28.073106
65.0,100,28.073114
10.0,100,28.073118
52.0,100,28.073122
24.0,100,28.073125
16.0,100,28.073129
15.0,100,28.193935
38.0,100,28.193955
15.0,100,28.193963
11.0,100,28.193968
20.0,100,28.193974
1.0,100,28.193979
45.0,100,28.193986
25.0,100,28.19399
27.0,100,28.193993
48.0,100,28.193997
26.0,100,28.314625
45.0,100,28.314636
12.0,100,28.314644
26.0,100,28.314649
6.0,100,28.314653
17.0,100,28.314658
24.0,100,28.314662
21.0,100,28.314665
14.0,100,28.314669
46.0,100,28.314675
9.0,100,28.435486
4.0,100,28.435498
10.0,100,28.435503
22.0,100,28.435508
4.0,100,28.435513
44.0,100,28.435517
7.0,100,28.43552
36.0,100,28.435524
4.0,100,28.435528
13.0,100,28.435531
3.0,100,28.557086
37.0,100,28.557115
7.0,100,28.557121
39.0,100,28.557126
14.0,100,28.55713
34.0,100,28.557134
2.0,100,28.557138
29.0,100,28.557143
54.0,100,28.557146
46.0,100,28.55715
39.0,100,28.679368
20.0,100,28.679411
28.0,100,28.679422
28.0,100,28.679427
41.0,100,28.679432
45.0,100,28.679436
44.0,100,28.679443
40.0,100,28.679448
16.0,100,28.679452
17.0,100,28.679459
18.0,100,28.800375
34.0,100,28.800394
30.0,100,28.800401
1.0,100,28.800409
14.0,100,28.800414
44.0,100,28.800418
32.0,100,28.800422
20.0,100,28.800426
27.0,100,28.80043
27.0,100,28.800434
14.0,100,28.921291
36.0,100,28.921303
22.0,100,28.921308
26.0,100,28.921313
16.0,100,28.92132
33.0,100,28.921324
16.0,100,28.921329
44.0,100,28.921332
43.0,100,28.921336
30.0,100,28.921343
29.0,100,29.042795
25.0,100,29.042829
34.0,100,29.042836
36.0,100,29.042844
30.0,100,29.042849
32.0,100,29.042853
22.0,100,29.042857
22.0,100,29.042861
46.0,100,29.042865
54.0,100,29.042868
28.0,100,29.163529
19.0,100,29.163546
23.0,100,29.163551
20.0,100,29.163556
2.0,100,29.16356
38.0,100,29.163564
40.0,100,29.163568
23.0,100,29.163572
21.0,100,29.163575
14.0,100,29.163579
22.0,100,31.950396
32.0,100,31.950437
28.0,100,31.950445
26.0,100,31.950454
22.0,100,31.950459
0.0,100,31.950464
35.0,100,31.950468
26.0,100,31.950473
28.0,100,31.950476
36.0,100,31.95048
13.0,100,32.072394
-1.0,100,32.072419
6.0,100,32.072426
21.0,100,32.072432
5.0,100,32.072437
14.0,100,32.072442
2.0,100,32.072449
-8.0,100,32.072453
9.0,100,32.072457
-2.0,100,32.072461
50.0,100,32.1963
24.0,100,32.196346
23.0,100,32.196353
51.0,100,32.196358
28.0,100,32.196363
-2.0,100,32.196367
22.0,100,32.196381
22.0,100,32.196386
4.0,100,32.19639
24.0,100,32.196393
17.0,100,32.317559
26.0,100,32.317578
30.0,100,32.31759
16.0,100,32.317595
4.0,100,32.317601
19.0,100,32.317605
17.0,100,32.317613
41.0,100,32.317617
13.0,100,32.31762
22.0,100,32.317624
44.0,100,32.439092
24.0,100,32.439132
17.0,100,32.43914
48.0,100,32.439146
15.0,100,32.439151
44.0,100,32.439155
32.0,100,32.439159
55.0,100,32.439163
22.0,100,32.439167
5.0,100,32.439171
35.0,100,32.561431
40.0,100,32.561468
26.0,100,32.561478
35.0,100,32.561484
28.0,100,32.561489
39.0,100,32.561493
34.0,100,32.561497
21.0,100,32.561501
40.0,100,32.561505
27.0,100,32.561509
33.0,100,32.682702
33.0,100,32.682722
14.0,100,32.682729
53.0,100,32.682734
37.0,100,32.682739
40.0,100,32.682743
48.0,100,32.68275
27.0,100,32.682754
48.0,100,32.682758
49.0,100,32.682762
20.0,100,32.803614
4.0,100,32.803624
25.0,100,32.803629
11.0,100,32.803634
-5.0,100,32.803638
31.0,100,32.803642
14.0,100,32.803646
17.0,100,32.80365
20.0,100,32.803653
15.0,100,32.803657
14.0,100,32.924174
26.0,100,32.924195
39.0,100,32.924203
36.0,100,32.92421
35.0,100,32.924216
30.0,100,32.924222
4.0,100,32.924227
40.0,100,32.924233
22.0,100,32.924238
33.0,100,32.924243
-8.0,100,33.045445
35.0,100,33.045479
5.0,100,33.045487
8.0,100,33.045494
22.0,100,33.0455
25.0,100,33.045504
30.0,100,33.045509
21.0,100,33.045514
21.0,100,33.045518
16.0,100,33.045523
35.0,100,33.165739
10.0,100,33.165751
30.0,100,33.16576
24.0,100,33.165766
40.0,100,33.165771
18.0,100,33.165776
39.0,100,33.165783
31.0,100,33.165788
43.0,100,33.165792
11.0,100,33.165797
30.0,100,33.286559
9.0,100,33.286577
8.0,100,33.286586
26.0,100,33.286595
24.0,100,33.2866
27.0,100,33.286606
37.0,100,33.28661
18.0,100,33.286615
39.0,100,33.286619
20.0,100,33.286624
35.0,100,33.406771
20.0,100,33.406784
48.0,100,33.40679
29.0,100,33.406795
18.0,100,33.4068
17.0,100,33.406804
30.0,100,33.406809
30.0,100,33.406813
38.0,100,33.406817
11.0,100,33.406821
33.0,100,33.528106
25.0,100,33.528143
20.0,100,33.52815
18.0,100,33.528155
7.0,100,33.52816
38.0,100,33.528165
9.0,100,33.52817
-12.0,100,33.528174
33.0,100,33.528179
21.0,100,33.528183
41.0,100,33.650147
45.0,100,33.650191
30.0,100,33.650202
32.0,100,33.650208
29.0,100,33.650214
32.0,100,33.650222
28.0,100,33.650226
15.0,100,33.650231
46.0,100,33.650236
19.0,100,33.650241
3.0,100,33.771247
41.0,100,33.771261
21.0,100,33.771269
6.0,100,33.771274
29.0,100,33.771279
41.0,100,33.771284
28.0,100,33.771288
22.0,100,33.771293
39.0,100,33.771297
24.0,100,33.771303
32.0,100,33.892067
24.0,100,33.892081
33.0,100,33.892088
28.0,100,33.892094
20.0,100,33.892099
11.0,100,33.892105
11.0,100,33.892109
32.0,100,33.892114
32.0,100,33.892119
25.0,100,33.892123
22.0,100,34.012854
36.0,100,34.012896
38.0,100,34.012903
31.0,100,34.012909
25.0,100,34.012915
44.0,100,34.01292
47.0,100,34.012924
22.0,100,34.012932
27.0,100,34.012936
31.0,100,34.012941
36.0,100,34.134035
14.0,100,34.134049
29.0,100,34.134055
26.0,100,34.134061
26.0,100,34.134066
19.0,100,34.134071
25.0,100,34.134075
31.0,100,34.13408
21.0,100,34.134085
24.0,100,34.134089
6.0,100,34.255074
21.0,100,34.255085
10.0,100,34.255091
15.0,100,34.255097
-4.0,100,34.255102
21.0,100,34.255107
15.0,100,34.255112
8.0,100,34.255116
32.0,100,34.255121
13.0,100,34.255125
1.0,100,34.375398
34.0,100,34.375408
16.0,100,34.375414
-10.0,100,34.375419
34.0,100,34.375423
29.0,100,34.375428
12.0,100,34.375435
21.0,100,34.375439
-31.0,100,34.375444
-4.0,100,34.375448
29.0,100,37.167727
12.0,100,37.167777
21.0,100,37.167789
30.0,100,37.167796
24.0,100,37.167805
44.0,100,37.167811
58.0,100,37.167816
25.0,100,37.167821
18.0,100,37.167829
29.0,100,37.167833
-1.0,100,37.289892
-4.0,100,37.289937
8.0,100,37.289946
-33.0,100,37.289952
-4.0,100,37.289958
1.0,100,37.289963
-10.0,100,37.289968
-3.0,100,37.289973
1.0,100,37.289978
1.0,100,37.289982
29.0,100,37.411642
20.0,100,37.411654
18.0,100,37.411668
28.0,100,37.411673
30.0,100,37.411677
6.0,100,37.411681
8.0,100,37.411685
15.0,100,37.411689
43.0,100,37.411692
42.0,100,37.411696
58.0,100,37.534202
40.0,100,37.534247
29.0,100,37.534258
14.0,100,37.534264
33.0,100,37.534269
19.0,100,37.534273
38.0,100,37.534278
17.0,100,37.534282
5.0,100,37.534286
25.0,100,37.53429
11.0,100,37.655414
3.0,100,37.65543
13.0,100,37.655438
-22.0,100,37.655444
-3.0,100,37.655449
39.0,100,37.655454
7.0,100,37.655458
-28.0,100,37.655462
-12.0,100,37.655466
-3.0,100,37.655469
17.0,100,37.776405
6.0,100,37.776415
13.0,100,37.77642
27.0,100,37.776425
13.0,100,37.776429
34.0,100,37.776433
6.0,100,37.776437
32.0,100,37.77644
39.0,100,37.776444
2.0,100,37.776447
62.0,100,37.897405
24.0,100,37.897418
11.0,100,37.897423
36.0,100,37.897428
17.0,100,37.897432
25.0,100,37.897436
55.0,100,37.89744
35.0,100,37.897444
40.0,100,37.897447
8.0,100,37.897451
-11.0,100,38.019175
3.0,100,38.019219
19.0,100,38.01923
10.0,100,38.019236
13.0,100,38.019246
2.0,100,38.019251
11.0,100,38.019256
6.0,100,38.01926
6.0,100,38.019264
20.0,100,38.019268
23.0,100,38.141135
23.0,100,38.141146
23.0,100,38.141152
9.0,100,38.141156
45.0,100,38.141161
28.0,100,38.141165
24.0,100,38.141169
31.0,100,38.141172
12.0,100,38.141176
42.0,100,38.14118
7.0,100,38.262087
22.0,100,38.262096
9.0,100,38.262101
20.0,100,38.262105
11.0,100,38.262109
19.0,100,38.262113
29.0,100,38.262117
17.0,100,38.26212
9.0,100,38.262124
-13.0,100,38.262127
37.0,100,38.382798
37.0,100,38.382807
11.0,100,38.382816
14.0,100,38.382821
28.0,100,38.382825
29.0,100,38.382829
40.0,100,38.382832
25.0,100,38.382836
25.0,100,38.38284
38.0,100,38.382843
24.0,100,38.503874
50.0,100,38.503906
28.0,100,38.503912
33.0,100,38.503917
37.0,100,38.503921
45.0,100,38.503928
15.0,100,38.503932
25.0,100,38.503936
41.0,100,38.503939
34.0,100,38.503943
-5.0,100,38.625412
24.0,100,38.625438
-14.0,100,38.625444
-2.0,100,38.625449
-8.0,100,38.625454
5.0,100,38.625461
-1.0,100,38.625465
-22.0,100,38.625469
-3.0,100,38.625473
10.0,100,38.625477
21.0,100,38.747381
5.0,100,38.747421
16.0,100,38.747428
30.0,100,38.747434
23.0,100,38.747439
24.0,100,38.747443
29.0,100,38.747447
17.0,100,38.747451
20.0,100,38.747455
16.0,100,38.747459
34.0,100,38.868888
26.0,100,38.8689
27.0,100,38.868909
-3.0,100,38.868914
22.0,100,38.868918
12.0,100,38.868925
35.0,100,38.868929
23.0,100,38.868933
32.0,100,38.868936
14.0,100,38.86894
28.0,100,38.990205
19.0,100,38.99024
32.0,100,38.990246
21.0,100,38.990252
17.0,100,38.990257
19.0,100,38.990261
27.0,100,38.990265
32.0,100,38.990269
16.0,100,38.990276
32.0,100,38.99028
46.0,100,39.111307
12.0,100,39.111318
33.0,100,39.111324
8.0,100,39.111329
6.0,100,39.111333
15.0,100,39.111338
26.0,100,39.111342
17.0,100,39.111346
34.0,100,39.111349
28.0,100,39.111353
27.0,100,39.232352
1.0,100,39.232361
24.0,100,39.23237
24.0,100,39.232374
43.0,100,39.232378
17.0,100,39.232382
33.0,100,39.232386
49.0,100,39.232389
10.0,100,39.232393
12.0,100,39.232396
-22.0,100,39.353405
-9.0,100,39.353423
11.0,100,39.353434
8.0,100,39.35344
-48.0,100,39.353445
10.0,100,39.353449
7.0,100,39.353456
0.0,100,39.353461
21.0,100,39.353465
-7.0,100,39.353468
5.0,100,39.474821
21.0,100,39.474849
41.0,100,39.474855
32.0,100,39.47486
36.0,100,39.474865
28.0,100,39.474869
44.0,100,39.474873
-1.0,100,39.474876
28.0,100,39.47488
37.0,100,39.474884
48.0,100,42.266404
49.0,100,42.266451
12.0,100,42.266459
44.0,100,42.266465
25.0,100,42.26647
14.0,100,42.266478
41.0,100,42.266482
23.0,100,42.266486
9.0,100,42.26649
27.0,100,42.266494
-6.0,100,42.388237
23.0,100,42.388254
12.0,100,42.388262
0.0,100,42.388268
23.0,100,42.388272
-16.0,100,42.388277
17.0,100,42.388281
8.0,100,42.388285
23.0,100,42.388292
7.0,100,42.388296
13.0,100,42.510569
44.0,100,42.510615
21.0,100,42.510622
5.0,100,42.510628
16.0,100,42.510633
13.0,100,42.510637
27.0,100,42.510642
20.0,100,42.510646
30.0,100,42.51065
32.0,100,42.510668
27.0,100,42.632338
36.0,100,42.632359
43.0,100,42.632366
28.0,100,42.632372
27.0,100,42.632377
20.0,100,42.632381
41.0,100,42.632385
31.0,100,42.632389
48.0,100,42.632393
43.0,100,42.632397
12.0,100,42.753549
17.0,100,42.753561
37.0,100,42.753567
53.0,100,42.753572
9.0,100,42.753576
12.0,100,42.753581
17.0,100,42.753585
19.0,100,42.753592
23.0,100,42.753596
27.0,100,42.7536
29.0,100,42.874482
33.0,100,42.874497
2.0,100,42.874505
16.0,100,42.874513
38.0,100,42.874518
21.0,100,42.874523
21.0,100,42.87453
45.0,100,42.874534
29.0,100,42.874538
27.0,100,42.874542
34.0,100,42.99584
53.0,100,42.99587
32.0,100,42.995879
-1.0,100,42.995885
38.0,100,42.995891
64.0,100,42.995895
53.0,100,42.9959
32.0,100,42.995904
17.0,100,42.995908
26.0,100,42.995912
31.0,100,43.117292
34.0,100,43.117307
33.0,100,43.117313
18.0,100,43.117321
12.0,100,43.117326
22.0,100,43.11733
12.0,100,43.117334
32.0,100,43.117338
27.0,100,43.117342
29.0,100,43.117346
4.0,100,43.238728
39.0,100,43.238741
11.0,100,43.238751
42.0,100,43.238756
2.0,100,43.238761
2.0,100,43.238766
32.0,100,43.238771
21.0,100,43.238775
32.0,100,43.238779
12.0,100,43.238783
35.0,100,43.359622
7.0,100,43.359632
49.0,100,43.359637
28.0,100,43.359641
29.0,100,43.359645
26.0,100,43.359649
54.0,100,43.359653
36.0,100,43.359657
21.0,100,43.35966
33.0,100,43.359664
7.0,100,43.480873
40.0,100,43.480904
41.0,100,43.48091
24.0,100,43.480914
42.0,100,43.480919
25.0,100,43.480923
1.0,100,43.480927
23.0,100,43.480933
27.0,100,43.480937
14.0,100,43.480941
17.0,100,43.601827
18.0,100,43.601837
17.0,100,43.601845
39.0,100,43.601849
1.0,100,43.601853
15.0,100,43.601857
3.0,100,43.601861
18.0,100,43.601864
-6.0,100,43.601868
-3.0,100,43.601872
39.0,100,43.725345
7.0,100,43.725379
19.0,100,43.725391
35.0,100,43.725396
17.0,100,43.725401
13.0,100,43.725405
39.0,100,43.72541
36.0,100,43.725414
30.0,100,43.725417
28.0,100,43.725422
17.0,100,43.846098
31.0,100,43.846109
25.0,100,43.846118
19.0,100,43.846123
19.0,100,43.846127
48.0,100,43.846134
26.0,100,43.846138
28.0,100,43.846142
24.0,100,43.846145
21.0,100,43.846149
12.0,100,43.967112
23.0,100,43.967146
40.0,100,43.967153
43.0,100,43.967159
30.0,100,43.967164
30.0,100,43.967168
34.0,100,43.967173
33.0,100,43.967177
35.0,100,43.967181
37.0,100,43.967185
42.0,100,44.088513
13.0,100,44.088532
34.0,100,44.088538
5.0,100,44.088543
22.0,100,44.088547
17.0,100,44.088552
25.0,100,44.088556
4.0,100,44.08856
32.0,100,44.088564
14.0,100,44.088568
17.0,100,44.210351
-19.0,100,44.210368
-5.0,100,44.210376
-22.0,100,44.210384
17.0,100,44.210389
-39.0,100,44.210394
18.0,100,44.210401
9.0,100,44.210405
14.0,100,44.210409
5.0,100,44.210413
11.0,100,44.331654
-12.0,100,44.331665
14.0,100,44.331671
22.0,100,44.331675
34.0,100,44.33168
36.0,100,44.331684
35.0,100,44.331688
24.0,100,44.331692
38.0,100,44.331696
19.0,100,44.3317
20.0,100,44.452867
7.0,100,44.45289
8.0,100,44.452895
24.0,100,44.452899
9.0,100,44.452904
18.0,100,44.452908
28.0,100,44.452912
13.0,100,44.452915
-4.0,100,44.452919
27.0,100,44.452922
45.0,100,44.574138
30.0,100,44.574154
51.0,100,44.574159
12.0,100,44.574164
23.0,100,44.574168
29.0,100,44.574172
57.0,100,44.574176
22.0,100,44.57418
22.0,100,44.574184
41.0,100,44.574188
23.0,100,44.695287
14.0,100,44.695299
11.0,100,44.695305
5.0,100,44.69531
12.0,100,44.695315
15.0,100,44.695319
40.0,100,44.695323
33.0,100,44.695327
15.0,100,44.69533
31.0,100,44.695334
27.0,100,47.492684
30.0,100,47.492731
38.0,100,47.492738
14.0,100,47.492744
12.0,100,47.492749
43.0,100,47.492753
22.0,100,47.492757
33.0,100,47.49276
11.0,100,47.492764
37.0,100,47.492768
14.0,100,47.615097
12.0,100,47.615123
18.0,100,47.615131
26.0,100,47.615136
1.0,100,47.615141
20.0,100,47.615146
14.0,100,47.615154
5.0,100,47.615158
19.0,100,47.615162
10.0,100,47.615166
21.0,100,47.736725
8.0,100,47.736742
25.0,100,47.73675
46.0,100,47.736759
26.0,100,47.736765
5.0,100,47.73677
26.0,100,47.736785
37.0,100,47.73679
40.0,100,47.736794
17.0,100,47.736798
19.0,100,47.858391
31.0,100,47.858406
37.0,100,47.858412
18.0,100,47.85842
32.0,100,47.858425
23.0,100,47.858429
42.0,100,47.858433
40.0,100,47.858437
35.0,100,47.858441
32.0,100,47.858445
46.0,100,47.980189
40.0,100,47.980222
42.0,100,47.980229
36.0,100,47.980234
40.0,100,47.980238
34.0,100,47.980243
42.0,100,47.980247
35.0,100,47.980251
33.0,100,47.980255
17.0,100,47.980259
39.0,100,48.101721
28.0,100,48.101734
32.0,100,48.101739
35.0,100,48.101744
30.0,100,48.101748
23.0,100,48.101752
38.0,100,48.101756
40.0,100,48.10176
20.0,100,48.101764
2.0,100,48.101768
43.0,100,48.223412
36.0,100,48.22343
25.0,100,48.223438
16.0,100,48.223444
46.0,100,48.223449
18.0,100,48.223453
10.0,100,48.223457
16.0,100,48.223461
28.0,100,48.223465
40.0,100,48.22347
47.0,100,48.344557
18.0,100,48.344569
27.0,100,48.344578
24.0,100,48.344583
23.0,100,48.344587
39.0,100,48.344592
46.0,100,48.344596
58.0,100,48.3446
20.0,100,48.344604
19.0,100,48.344608
16.0,100,48.466609
36.0,100,48.466653
24.0,100,48.466661
55.0,100,48.466666
30.0,100,48.466671
8.0,100,48.466675
24.0,100,48.46668
27.0,100,48.466684
31.0,100,48.466688
17.0,100,48.466695
6.0,100,48.588755
-4.0,100,48.588775
30.0,100,48.588782
-4.0,100,48.588787
10.0,100,48.588792
-12.0,100,48.588797
0.0,100,48.588801
15.0,100,48.588805
2.0,100,48.588809
10.0,100,48.588813
38.0,100,48.712383
34.0,100,48.712417
35.0,100,48.712424
23.0,100,48.712432
35.0,100,48.712437
45.0,100,48.712441
32.0,100,48.712448
30.0,100,48.712452
30.0,100,48.712456
43.0,100,48.71246
28.0,100,48.834345
41.0,100,48.834358
12.0,100,48.834363
47.0,100,48.834368
39.0,100,48.834372
10.0,100,48.834376
12.0,100,48.83438
44.0,100,48.834384
36.0,100,48.834387
3.0,100,48.834391
52.0,100,48.956638
12.0,100,48.956668
37.0,100,48.956676
-19.0,100,48.956681
30.0,100,48.956686
22.0,100,48.956693
18.0,100,48.956697
36.0,100,48.956701
45.0,100,48.956705
32.0,100,48.956708
40.0,100,49.078763
22.0,100,49.078787
51.0,100,49.078794
28.0,100,49.0788
40.0,100,49.078805
14.0,100,49.07881
13.0,100,49.078817
-4.0,100,49.078822
27.0,100,49.078826
22.0,100,49.07883
20.0,100,49.200663
0.0,100,49.200681
-5.0,100,49.200688
14.0,100,49.200694
16.0,100,49.200698
34.0,100,49.200703
7.0,100,49.200707
25.0,100,49.200711
19.0,100,49.200715
32.0,100,49.200718
24.0,100,49.322354
13.0,100,49.322365
44.0,100,49.322371
36.0,100,49.322376
35.0,100,49.322381
39.0,100,49.322385
38.0,100,49.32239
29.0,100,49.322394
31.0,100,49.322398
26.0,100,49.322402
15.0,100,49.44382
23.0,100,49.443833
46.0,100,49.443839
27.0,100,49.443843
-1.0,100,49.443848
-8.0,100,49.443852
15.0,100,49.443856
20.0,100,49.44386
13.0,100,49.443864
-6.0,100,49.443867
21.0,100,49.565891
25.0,100,49.56592
44.0,100,49.565926
20.0,100,49.565931
29.0,100,49.565936
21.0,100,49.56594
16.0,100,49.565944
8.0,100,49.565952
33.0,100,49.565956
18.0,100,49.56596
22.0,100,49.687479
28.0,100,49.687492
38.0,100,49.687498
20.0,100,49.687503
51.0,100,49.687508
37.0,100,49.687512
37.0,100,49.687516
23.0,100,49.68752
41.0,100,49.687524
31.0,100,49.687528
10.0,100,49.80947
20.0,100,49.80948
13.0,100,49.809486
39.0,100,49.80949
5.0,100,49.809494
15.0,100,49.809498
12.0,100,49.809502
18.0,100,49.809506
17.0,100,49.809513
22.0,100,49.809516
33.0,100,52.617229
50.0,100,52.617277
30.0,100,52.617286
25.0,100,52.617292
52.0,100,52.617297
1.0,100,52.617301
31.0,100,52.617306
20.0,100,52.61731
32.0,100,52.617314
23.0,100,52.617318
46.0,100,52.74012
38.0,100,52.740138
12.0,100,52.740146
24.0,100,52.740152
44.0,100,52.740156
44.0,100,52.740161
22.0,100,52.740165
29.0,100,52.740169
52.0,100,52.740173
31.0,100,52.740176
15.0,100,52.863339
22.0,100,52.863361
25.0,100,52.863367
15.0,100,52.863372
17.0,100,52.863379
15.0,100,52.863384
18.0,100,52.863388
42.0,100,52.863392
31.0,100,52.863396
8.0,100,52.863399
14.0,100,52.986301
34.0,100,52.986325
15.0,100,52.986332
17.0,100,52.986346
25.0,100,52.986351
25.0,100,52.986355
-10.0,100,52.98636
15.0,100,52.986364
15.0,100,52.986368
25.0,100,52.986372
27.0,100,53.108042
50.0,100,53.108057
25.0,100,53.108063
38.0,100,53.108068
11.0,100,53.108073
43.0,100,53.108077
29.0,100,53.108081
44.0,100,53.108085
45.0,100,53.108088
10.0,100,53.108092
29.0,100,53.229616
41.0,100,53.229628
21.0,100,53.229633
32.0,100,53.229637
33.0,100,53.229644
20.0,100,53.229648
20.0,100,53.229652
33.0,100,53.229655
53.0,100,53.229659
52.0,100,53.229663
30.0,100,53.351303
34.0,100,53.351314
11.0,100,53.351322
22.0,100,53.351327
28.0,100,53.351331
30.0,100,53.351335
10.0,100,53.351339
22.0,100,53.351343
36.0,100,53.351347
12.0,100,53.35135
-20.0,100,53.472658
-11.0,100,53.472681
22.0,100,53.472687
6.0,100,53.472692
-7.0,100,53.472696
22.0,100,53.4727
52.0,100,53.472704
9.0,100,53.472708
18.0,100,53.472715
25.0,100,53.472719
26.0,100,53.594165
21.0,100,53.594188
24.0,100,53.5942
18.0,100,53.594206
38.0,100,53.594211
42.0,100,53.594215
33.0,100,53.59422
25.0,100,53.594224
20.0,100,53.594229
23.0,100,53.594233
8.0,100,53.717396
13.0,100,53.717435
12.0,100,53.717443
14.0,100,53.717449
21.0,100,53.717454
14.0,100,53.717459
11.0,100,53.717464
15.0,100,53.717468
18.0,100,53.717472
24.0,100,53.717476
11.0,100,53.838562
20.0,100,53.838581
27.0,100,53.838588
27.0,100,53.838596
34.0,100,53.838601
48.0,100,53.838606
26.0,100,53.83861
17.0,100,53.838614
33.0,100,53.838618
37.0,100,53.838622
11.0,100,53.960955
19.0,100,53.960976
9.0,100,53.960982
15.0,100,53.960987
29.0,100,53.960992
19.0,100,53.960996
23.0,100,53.961
42.0,100,53.961005
11.0,100,53.961009
20.0,100,53.961013
24.0,100,54.082887
31.0,100,54.082907
35.0,100,54.082913
18.0,100,54.082921
7.0,100,54.082925
18.0,100,54.08293
41.0,100,54.082934
21.0,100,54.082941
22.0,100,54.082945
37.0,100,54.082949
16.0,100,54.204843
20.0,100,54.204854
19.0,100,54.204862
34.0,100,54.204867
5.0,100,54.204872
19.0,100,54.204876
27.0,100,54.20488
34.0,100,54.204885
4.0,100,54.204889
22.0,100,54.204893
32.0,100,54.325944
12.0,100,54.325957
33.0,100,54.325962
43.0,100,54.325966
34.0,100,54.325971
36.0,100,54.325975
39.0,100,54.325979
23.0,100,54.325983
34.0,100,54.325986
36.0,100,54.32599
33.0,100,54.447444
31.0,100,54.447456
15.0,100,54.447462
39.0,100,54.447467
27.0,100,54.447471
9.0,100,54.447475
23.0,100,54.447482
45.0,100,54.447486
51.0,100,54.44749
7.0,100,54.447494
-2.0,100,54.569767
36.0,100,54.569798
35.0,100,54.569808
14.0,100,54.569814
47.0,100,54.569819
33.0,100,54.569823
44.0,100,54.569828
26.0,100,54.569832
35.0,100,54.569836
35.0,100,54.56984
30.0,100,54.691819
27.0,100,54.691828
5.0,100,54.691837
13.0,100,54.691841
21.0,100,54.691845
15.0,100,54.691849
17.0,100,54.691853
39.0,100,54.691857
-3.0,100,54.69186
2.0,100,54.691864
35.0,100,54.813516
12.0,100,54.813529
9.0,100,54.813536
20.0,100,54.813541
21.0,100,54.813546
19.0,100,54.81355
23.0,100,54.813554
29.0,100,54.813559
23.0,100,54.813562
12.0,100,54.813566
29.0,100,54.935475
22.0,100,54.935483
40.0,100,54.935488
16.0,100,54.935492
46.0,100,54.935496
22.0,100,54.9355
11.0,100,54.935503
25.0,100,54.935507
37.0,100,54.93551
32.0,100,54.935514
15.0,100,55.058209
32.0,100,55.058235
32.0,100,55.05824
49.0,100,55.058244
24.0,100,55.058248
21.0,100,55.058252
33.0,100,55.058256
38.0,100,55.05826
42.0,100,55.058267
28.0,100,55.05827
6.0,100,57.861991
13.0,100,57.862035
8.0,100,57.862047
2.0,100,57.862053
4.0,100,57.862058
-3.0,100,57.862065
40.0,100,57.86207
-1.0,100,57.862074
9.0,100,57.862078
0.0,100,57.862082
48.0,100,57.984728
19.0,100,57.984768
35.0,100,57.984776
34.0,100,57.984782
35.0,100,57.984787
24.0,100,57.984792
25.0,100,57.984796
5.0,100,57.9848
26.0,100,57.984806
47.0,100,57.984811
33.0,100,58.107427
31.0,100,58.107447
12.0,100,58.107454
2.0,100,58.10746
25.0,100,58.107465
42.0,100,58.107469
19.0,100,58.107474
18.0,100,58.107478
0.0,100,58.107482
43.0,100,58.107485
25.0,100,58.229433
8.0,100,58.229445
47.0,100,58.229451
32.0,100,58.229455
39.0,100,58.22946
30.0,100,58.229463
49.0,100,58.229467
12.0,100,58.229471
16.0,100,58.229475
54.0,100,58.229478
12.0,100,58.351488
39.0,100,58.35151
21.0,100,58.351518
45.0,100,58.351524
10.0,100,58.351532
27.0,100,58.351537
4.0,100,58.351542
30.0,100,58.351547
37.0,100,58.351551
27.0,100,58.351555
34.0,100,58.473769
45.0,100,58.473805
37.0,100,58.473812
38.0,100,58.473817
42.0,100,58.473822
18.0,100,58.473826
35.0,100,58.473831
50.0,100,58.473835
21.0,100,58.473839
26.0,100,58.473843
43.0,100,58.595985
41.0,100,58.595998
55.0,100,58.596004
26.0,100,58.596011
42.0,100,58.596015
44.0,100,58.596019
37.0,100,58.596023
38.0,100,58.596027
11.0,100,58.596031
27.0,100,58.596035
28.0,100,58.720588
31.0,100,58.720626
23.0,100,58.720633
18.0,100,58.720638
52.0,100,58.720643
5.0,100,58.720648
3.0,100,58.720652
19.0,100,58.720656
37.0,100,58.72066
40.0,100,58.720664
32.0,100,58.843948
21.0,100,58.843962
10.0,100,58.843968
25.0,100,58.843973
23.0,100,58.843978
46.0,100,58.843982
10.0,100,58.843986
15.0,100,58.84399
18.0,100,58.843994
23.0,100,58.843998
23.0,100,58.966912
42.0,100,58.96694
45.0,100,58.966946
24.0,100,58.966951
52.0,100,58.966955
39.0,100,58.966962
25.0,100,58.966966
30.0,100,58.96697
2.0,100,58.966974
47.0,100,58.966977
34.0,100,59.089493
40.0,100,59.08951
23.0,100,59.089519
14.0,100,59.089523
4.0,100,59.089528
31.0,100,59.089532
40.0,100,59.089536
35.0,100,59.089539
29.0,100,59.089543
30.0,100,59.089547
16.0,100,59.21181
2.0,100,59.211821
-2.0,100,59.211828
28.0,100,59.211833
24.0,100,59.211837
0.0,100,59.211841
-13.0,100,59.211845
21.0,100,59.211849
0.0,100,59.211853
-8.0,100,59.211857
42.0,100,59.334054
34.0,100,59.334068
47.0,100,59.334075
32.0,100,59.33408
4.0,100,59.334085
22.0,100,59.33409
41.0,100,59.334098
42.0,100,59.334102
26.0,100,59.334107
34.0,100,59.334111
17.0,100,59.456726
9.0,100,59.456753
20.0,100,59.456762
37.0,100,59.456767
30.0,100,59.456771
31.0,100,59.456776
39.0,100,59.45678
41.0,100,59.456784
20.0,100,59.45679
6.0,100,59.456795
53.0,100,59.579272
19.0,100,59.579292
55.0,100,59.579298
23.0,100,59.579303
26.0,100,59.579307
28.0,100,59.579312
16.0,100,59.579316
19.0,100,59.57932
15.0,100,59.579324
38.0,100,59.579328
27.0,100,59.701189
39.0,100,59.70121
39.0,100,59.701218
27.0,100,59.701224
33.0,100,59.701229
2.0,100,59.701234
30.0,100,59.701238
39.0,100,59.701242
12.0,100,59.701246
38.0,100,59.70125
36.0,100,59.823312
33.0,100,59.823321
23.0,100,59.823327
28.0,100,59.823332
20.0,100,59.823336
29.0,100,59.82334
25.0,100,59.823344
36.0,100,59.823348
32.0,100,59.823352
8.0,100,59.823356
11.0,100,59.945322
8.0,100,59.945332
33.0,100,59.945338
20.0,100,59.945342
28.0,100,59.945347
-4.0,100,59.945351
30.0,100,59.945355
30.0,100,59.945359
25.0,100,59.945365
45.0,100,59.945369
31.0,100,60.068194
15.0,100,60.06822
22.0,100,60.068226
28.0,100,60.068231
25.0,100,60.068235
25.0,100,60.06824
26.0,100,60.068244
39.0,100,60.068248
26.0,100,60.068251
47.0,100,60.068255
8.0,100,60.190083
1.0,100,60.1901
7.0,100,60.190106
11.0,100,60.190111
12.0,100,60.190116
-10.0,100,60.19012
13.0,100,60.190124
-2.0,100,60.190129
24.0,100,60.190133
19.0,100,60.190137
34.0,100,62.992038
9.0,100,62.992085
19.0,100,62.992095
9.0,100,62.992102
24.0,100,62.992109
36.0,100,62.992115
39.0,100,62.99212
33.0,100,62.992126
1.0,100,62.992131
12.0,100,62.992137
15.0,100,63.117237
-10.0,100,63.117273
13.0,100,63.117282
4.0,100,63.117289
17.0,100,63.117294
33.0,100,63.1173
-26.0,100,63.117305
-18.0,100,63.11731
-17.0,100,63.117314
23.0,100,63.117319
38.0,100,63.240104
36.0,100,63.240135
36.0,100,63.240144
38.0,100,63.24015
35.0,100,63.240156
44.0,100,63.240162
49.0,100,63.240167
45.0,100,63.240172
23.0,100,63.240176
44.0,100,63.240181
20.0,100,63.362602
14.0,100,63.362621
25.0,100,63.36263
39.0,100,63.362637
19.0,100,63.362643
26.0,100,63.362648
38.0,100,63.362653
21.0,100,63.362668
29.0,100,63.362673
17.0,100,63.362677
42.0,100,63.485966
37.0,100,63.486005
29.0,100,63.486011
36.0,100,63.486019
18.0,100,63.486024
4.0,100,63.486028
15.0,100,63.486032
31.0,100,63.486036
38.0,100,63.48604
27.0,100,63.486047
7.0,100,63.612539
42.0,100,63.612577
52.0,100,63.612585
31.0,100,63.612591
34.0,100,63.612596
42.0,100,63.612601
29.0,100,63.612605
27.0,100,63.61261
43.0,100,63.612614
31.0,100,63.612618
18.0,100,63.741324
30.0,100,63.741372
1.0,100,63.741383
52.0,100,63.741389
33.0,100,63.741399
28.0,100,63.741404
38.0,100,63.741408
16.0,100,63.741416
42.0,100,63.74142
10.0,100,63.741425
18.0,100,63.866191
22.0,100,63.866232
5.0,100,63.866243
17.0,100,63.866249
26.0,100,63.866254
4.0,100,63.866259
34.0,100,63.866263
16.0,100,63.86627
2.0,100,63.866274
15.0,100,63.866278
-4.0,100,63.990861
33.0,100,63.990906
20.0,100,63.990915
13.0,100,63.990922
22.0,100,63.990927
40.0,100,63.990931
42.0,100,63.990936
22.0,100,63.99094
17.0,100,63.990944
38.0,100,63.990949
25.0,100,64.115747
12.0,100,64.115771
29.0,100,64.115777
5.0,100,64.115783
10.0,100,64.115787
-6.0,100,64.115791
-11.0,100,64.115795
32.0,100,64.1158
3.0,100,64.115804
33.0,100,64.115808
-35.0,100,64.240325
-22.0,100,64.240349
17.0,100,64.240357
16.0,100,64.240362
2.0,100,64.240367
-1.0,100,64.240371
-21.0,100,64.240376
-8.0,100,64.24038
42.0,100,64.240385
-4.0,100,64.240388
39.0,100,64.364684
9.0,100,64.364714
22.0,100,64.364722
43.0,100,64.364728
18.0,100,64.364733
29.0,100,64.364737
29.0,100,64.364742
28.0,100,64.364746
28.0,100,64.364751
7.0,100,64.364755
33.0,100,64.488324
59.0,100,64.488361
34.0,100,64.488367
30.0,100,64.488376
41.0,100,64.488381
31.0,100,64.488385
12.0,100,64.488389
20.0,100,64.488393
32.0,100,64.488398
15.0,100,64.488402
41.0,100,64.61132
26.0,100,64.611342
38.0,100,64.61135
38.0,100,64.611355
53.0,100,64.61136
38.0,100,64.611365
26.0,100,64.611369
21.0,100,64.611373
57.0,100,64.611377
28.0,100,64.611381
25.0,100,64.733972
49.0,100,64.733982
22.0,100,64.733987
30.0,100,64.733992
25.0,100,64.733996
31.0,100,64.734
24.0,100,64.734004
30.0,100,64.734008
10.0,100,64.734012
48.0,100,64.734015
14.0,100,64.85648
25.0,100,64.856494
30.0,100,64.856503
27.0,100,64.856509
15.0,100,64.856514
10.0,100,64.856519
25.0,100,64.856523
35.0,100,64.856528
29.0,100,64.856532
31.0,100,64.856536
33.0,100,64.979544
22.0,100,64.979582
28.0,100,64.979589
28.0,100,64.979594
34.0,100,64.979598
25.0,100,64.979606
15.0,100,64.97961
25.0,100,64.979614
36.0,100,64.979618
20.0,100,64.979622
20.0,100,65.102424
33.0,100,65.102438
14.0,100,65.102444
44.0,100,65.102452
38.0,100,65.102457
21.0,100,65.10246
13.0,100,65.102464
8.0,100,65.102468
10.0,100,65.102472
25.0,100,65.102475
43.0,100,65.224771
37.0,100,65.224785
44.0,100,65.224792
44.0,100,65.224797
19.0,100,65.224802
22.0,100,65.224807
43.0,100,65.224811
28.0,100,65.224815
39.0,100,65.224819
45.0,100,65.224823
47.0,100,65.346808
32.0,100,65.346821
41.0,100,65.346827
45.0,100,65.346832
44.0,100,65.346837
23.0,100,65.346841
31.0,100,65.346846
28.0,100,65.34685
32.0,100,65.346854
29.0,100,65.346858
44.0,100,65.46963
15.0,100,65.469668
31.0,100,65.469675
47.0,100,65.46968
20.0,100,65.469685
17.0,100,65.46969
32.0,100,65.469694
41.0,100,65.469699
35.0,100,65.469703
38.0,100,65.469707
45.0,100,68.330245
15.0,100,68.330292
15.0,100,68.330301
-5.0,100,68.330306
31.0,100,68.330311
1.0,100,68.330316
-2.0,100,68.33032
-4.0,100,68.330325
17.0,100,68.330329
11.0,100,68.330332
52.0,100,68.454439
19.0,100,68.454457
14.0,100,68.454462
36.0,100,68.454467
28.0,100,68.454471
40.0,100,68.454475
43.0,100,68.454479
35.0,100,68.454483
37.0,100,68.454487
16.0,100,68.45449
30.0,100,68.57737
41.0,100,68.57739
14.0,100,68.577398
26.0,100,68.577403
23.0,100,68.577409
20.0,100,68.577413
15.0,100,68.577421
13.0,100,68.577425
26.0,100,68.577429
25.0,100,68.577433
32.0,100,68.702943
19.0,100,68.702977
24.0,100,68.702984
50.0,100,68.702999
20.0,100,68.703004
26.0,100,68.703008
14.0,100,68.703012
18.0,100,68.703016
16.0,100,68.70302
14.0,100,68.703024
40.0,100,68.82572
19.0,100,68.825732
33.0,100,68.825737
50.0,100,68.825742
30.0,100,68.825746
38.0,100,68.82575
12.0,100,68.825755
36.0,100,68.825759
19.0,100,68.825763
27.0,100,68.825766
7.0,100,68.949155
14.0,100,68.949165
10.0,100,68.949174
15.0,100,68.949178
-15.0,100,68.949183
26.0,100,68.949187
26.0,100,68.949191
6.0,100,68.949194
23.0,100,68.949198
15.0,100,68.949202
25.0,100,69.072025
37.0,100,69.072034
28.0,100,69.072039
31.0,100,69.072043
31.0,100,69.072047
32.0,100,69.072051
19.0,100,69.072055
35.0,100,69.072059
-20.0,100,69.072062
27.0,100,69.072066
26.0,100,69.195324
26.0,100,69.195344
48.0,100,69.195352
21.0,100,69.195358
17.0,100,69.195363
2.0,100,69.195368
18.0,100,69.195373
55.0,100,69.195377
14.0,100,69.195381
47.0,100,69.195385
30.0,100,69.318397
16.0,100,69.318407
39.0,100,69.318412
22.0,100,69.318416
26.0,100,69.31842
5.0,100,69.318424
34.0,100,69.318427
26.0,100,69.318431
20.0,100,69.318437
37.0,100,69.318441
31.0,100,69.441713
53.0,100,69.441723
36.0,100,69.441728
30.0,100,69.441733
22.0,100,69.441737
46.0,100,69.441742
41.0,100,69.441746
20.0,100,69.44175
35.0,100,69.441754
29.0,100,69.441757
21.0,100,69.5648
19.0,100,69.564809
8.0,100,69.564814
26.0,100,69.564818
38.0,100,69.564822
18.0,100,69.564825
14.0,100,69.564829
32.0,100,69.564833
26.0,100,69.564836
28.0,100,69.56484
38.0,100,69.687484
29.0,100,69.687494
10.0,100,69.687499
41.0,100,69.687504
34.0,100,69.687509
47.0,100,69.687513
11.0,100,69.687517
27.0,100,69.687521
18.0,100,69.687525
22.0,100,69.687529
24.0,100,69.810376
44.0,100,69.810385
36.0,100,69.81039
33.0,100,69.810394
44.0,100,69.810399
7.0,100,69.810402
43.0,100,69.810406
21.0,100,69.81041
16.0,100,69.810414
56.0,100,69.810418
23.0,100,69.933271
24.0,100,69.933283
33.0,100,69.933288
12.0,100,69.933292
-3.0,100,69.933296
33.0,100,69.9333
25.0,100,69.933304
41.0,100,69.933307
17.0,100,69.933311
13.0,100,69.933314
29.0,100,70.056261
37.0,100,70.056281
5.0,100,70.056289
21.0,100,70.056295
51.0,100,70.0563
12.0,100,70.056305
43.0,100,70.05631
37.0,100,70.056314
21.0,100,70.056319
20.0,100,70.056323
27.0,100,70.178526
36.0,100,70.178535
39.0,100,70.17854
16.0,100,70.178545
44.0,100,70.178549
28.0,100,70.178553
18.0,100,70.178557
47.0,100,70.178561
38.0,100,70.178565
25.0,100,70.178569
22.0,100,70.301152
2.0,100,70.301163
5.0,100,70.301169
15.0,100,70.301174
30.0,100,70.301178
25.0,100,70.301182
30.0,100,70.301186
-20.0,100,70.30119
20.0,100,70.301194
46.0,100,70.301197
26.0,100,70.423956
15.0,100,70.423969
23.0,100,70.423974
25.0,100,70.423979
17.0,100,70.423983
16.0,100,70.423987
46.0,100,70.423991
40.0,100,70.423994
21.0,100,70.423998
28.0,100,70.424001
28.0,100,70.546634
33.0,100,70.546643
43.0,100,70.546649
11.0,100,70.546653
14.0,100,70.546657
5.0,100,70.546662
41.0,100,70.546665
24.0,100,70.546669
28.0,100,70.546673
29.0,100,70.546677
25.0,100,70.669044
8.0,100,70.669052
27.0,100,70.669057
11.0,100,70.669062
18.0,100,70.669066
10.0,100,70.66907
31.0,100,70.669074
27.0,100,70.669078
14.0,100,70.669081
39.0,100,70.669085
38.0,100,73.485731
38.0,100,73.485774
32.0,100,73.485782
20.0,100,73.485788
37.0,100,73.485793
37.0,100,73.485797
30.0,100,73.485801
32.0,100,73.485806
38.0,100,73.48581
40.0,100,73.485814
14.0,100,73.609933
1.0,100,73.609974
21.0,100,73.609982
22.0,100,73.609991
14.0,100,73.609996
-13.0,100,73.61
14.0,100,73.610005
25.0,100,73.610009
24.0,100,73.610014
8.0,100,73.610018
38.0,100,73.734933
46.0,100,73.734972
23.0,100,73.734981
49.0,100,73.734987
33.0,100,73.734992
58.0,100,73.734997
23.0,100,73.735001
25.0,100,73.735005
27.0,100,73.73501
21.0,100,73.735014
-8.0,100,73.860023
37.0,100,73.860061
7.0,100,73.860067
5.0,100,73.860072
21.0,100,73.860076
7.0,100,73.860081
12.0,100,73.860085
43.0,100,73.860088
27.0,100,73.860092
38.0,100,73.860096
4.0,100,73.98613
22.0,100,73.98617
28.0,100,73.986181
10.0,100,73.986186
16.0,100,73.986191
20.0,100,73.986196
21.0,100,73.9862
25.0,100,73.986204
8.0,100,73.986208
42.0,100,73.986212
4.0,100,74.109703
14.0,100,74.109724
-8.0,100,74.109731
4.0,100,74.109736
34.0,100,74.109741
46.0,100,74.109746
20.0,100,74.109755
2.0,100,74.109759
10.0,100,74.109764
7.0,100,74.109768
38.0,100,74.232607
53.0,100,74.232618
41.0,100,74.232624
29.0,100,74.232628
32.0,100,74.232633
50.0,100,74.232637
43.0,100,74.232641
20.0,100,74.232645
32.0,100,74.232649
15.0,100,74.232652
-34.0,100,74.356109
-6.0,100,74.35612
-7.0,100,74.356127
-9.0,100,74.356131
-26.0,100,74.356136
-25.0,100,74.356141
-18.0,100,74.356148
28.0,100,74.356152
25.0,100,74.356156
15.0,100,74.35616
27.0,100,74.479359
12.0,100,74.479376
25.0,100,74.479385
27.0,100,74.479391
33.0,100,74.479396
24.0,100,74.4794
21.0,100,74.479405
5.0,100,74.47941
10.0,100,74.479414
37.0,100,74.479419
25.0,100,74.602587
40.0,100,74.602596
44.0,100,74.602602
28.0,100,74.602607
35.0,100,74.602611
29.0,100,74.602615
28.0,100,74.602619
8.0,100,74.602623
21.0,100,74.602627
12.0,100,74.602631
38.0,100,74.726284
34.0,100,74.726299
30.0,100,74.726305
28.0,100,74.72631
20.0,100,74.726314
42.0,100,74.726318
38.0,100,74.726322
48.0,100,74.726326
23.0,100,74.726329
14.0,100,74.726333
25.0,100,74.850809
-11.0,100,74.850832
3.0,100,74.850837
-4.0,100,74.850842
15.0,100,74.850846
3.0,100,74.85085
23.0,100,74.850854
40.0,100,74.850858
16.0,100,74.850861
-10.0,100,74.850865
23.0,100,74.974861
36.0,100,74.974875
47.0,100,74.974885
29.0,100,74.97489
29.0,100,74.974895
16.0,100,74.974902
21.0,100,74.974907
19.0,100,74.974911
18.0,100,74.974915
38.0,100,74.974919
45.0,100,75.098046
27.0,100,75.098055
38.0,100,75.09806
29.0,100,75.098064
21.0,100,75.098068
30.0,100,75.098072
19.0,100,75.098076
17.0,100,75.098079
22.0,100,75.098083
54.0,100,75.098086
13.0,100,75.22105
24.0,100,75.221059
19.0,100,75.221067
32.0,100,75.221073
43.0,100,75.221078
22.0,100,75.221083
2.0,100,75.221088
35.0,100,75.221093
14.0,100,75.221098
37.0,100,75.221103
53.0,100,75.343144
13.0,100,75.343156
36.0,100,75.343162
38.0,100,75.34317
24.0,100,75.343175
53.0,100,75.34318
36.0,100,75.343184
40.0,100,75.343188
32.0,100,75.343193
36.0,100,75.343197
26.0,100,75.466299
23.0,100,75.46631
17.0,100,75.466316
26.0,100,75.466321
-2.0,100,75.466326
17.0,100,75.46633
-3.0,100,75.466334
5.0,100,75.466337
19.0,100,75.466341
28.0,100,75.466345
13.0,100,75.589213
18.0,100,75.589221
29.0,100,75.589227
23.0,100,75.589231
19.0,100,75.589235
57.0,100,75.589239
46.0,100,75.589243
26.0,100,75.589246
40.0,100,75.58925
32.0,100,75.589253
0.0,100,75.711137
25.0,100,75.711147
-5.0,100,75.711152
2.0,100,75.711157
24.0,100,75.711161
6.0,100,75.711165
-9.0,100,75.711169
31.0,100,75.711173
9.0,100,75.711177
29.0,100,75.711181
32.0,100,75.833756
47.0,100,75.833768
54.0,100,75.833774
32.0,100,75.833779
16.0,100,75.833784
22.0,100,75.833788
39.0,100,75.833792
35.0,100,75.833796
16.0,100,75.8338
23.0,100,75.833804
12.0,100,75.95684
-4.0,100,75.956849
38.0,100,75.956855
40.0,100,75.956859
28.0,100,75.956864
14.0,100,75.956868
32.0,100,75.956872
39.0,100,75.956875
10.0,100,75.956879
-10.0,100,75.956883
27.0,100,78.776924
17.0,100,78.776971
15.0,100,78.776979
26.0,100,78.776985
20.0,100,78.776993
32.0,100,78.776998
24.0,100,78.777002
41.0,100,78.777006
-11.0,100,78.77701
23.0,100,78.777015
12.0,100,78.903571
8.0,100,78.903618
27.0,100,78.903627
10.0,100,78.903633
9.0,100,78.903639
30.0,100,78.903643
24.0,100,78.903647
53.0,100,78.903652
26.0,100,78.903656
12.0,100,78.90366
21.0,100,79.0321
24.0,100,79.032142
25.0,100,79.03215
28.0,100,79.032156
30.0,100,79.032161
10.0,100,79.032166
55.0,100,79.03217
19.0,100,79.032174
34.0,100,79.032178
20.0,100,79.032183
29.0,100,79.161107
45.0,100,79.161143
31.0,100,79.161152
12.0,100,79.161159
22.0,100,79.161166
40.0,100,79.161172
55.0,100,79.161177
27.0,100,79.161194
28.0,100,79.1612
14.0,100,79.161206
31.0,100,79.290255
13.0,100,79.290299
41.0,100,79.290309
11.0,100,79.290314
30.0,100,79.290319
34.0,100,79.290323
2.0,100,79.290327
34.0,100,79.290332
24.0,100,79.290335
34.0,100,79.290339
17.0,100,79.417466
15.0,100,79.417508
8.0,100,79.417514
33.0,100,79.41752
22.0,100,79.417524
29.0,100,79.417528
46.0,100,79.417532
17.0,100,79.417536
16.0,100,79.417539
1.0,100,79.417543
11.0,100,79.545204
20.0,100,79.545249
42.0,100,79.54526
43.0,100,79.545265
18.0,100,79.54527
37.0,100,79.545275
19.0,100,79.545279
28.0,100,79.545283
24.0,100,79.545287
28.0,100,79.545291
16.0,100,79.66955
21.0,100,79.66957
27.0,100,79.669579
8.0,100,79.669585
21.0,100,79.66959
28.0,100,79.669595
28.0,100,79.6696
24.0,100,79.669604
27.0,100,79.669608
42.0,100,79.669612
30.0,100,79.796968
19.0,100,79.797101
9.0,100,79.797111
43.0,100,79.797118
26.0,100,79.797123
16.0,100,79.797128
2.0,100,79.797133
11.0,100,79.797138
29.0,100,79.797143
13.0,100,79.797148
46.0,100,79.922731
16.0,100,79.922777
28.0,100,79.922789
20.0,100,79.922797
38.0,100,79.922802
21.0,100,79.922808
33.0,100,79.922813
19.0,100,79.922818
41.0,100,79.922823
20.0,100,79.922828
27.0,100,80.047769
51.0,100,80.047808
37.0,100,80.047815
34.0,100,80.047821
13.0,100,80.047827
38.0,100,80.047831
25.0,100,80.047836
43.0,100,80.047841
67.0,100,80.047845
45.0,100,80.04785
27.0,100,80.172555
36.0,100,80.172596
52.0,100,80.172605
17.0,100,80.172614
13.0,100,80.17262
22.0,100,80.172625
29.0,100,80.17263
18.0,100,80.172635
20.0,100,80.172639
42.0,100,80.172644
33.0,100,80.29676
4.0,100,80.296792
22.0,100,80.296799
10.0,100,80.296805
11.0,100,80.296811
48.0,100,80.296816
12.0,100,80.296821
10.0,100,80.296825
26.0,100,80.29683
37.0,100,80.296835
29.0,100,80.42116
33.0,100,80.421198
30.0,100,80.421211
24.0,100,80.421218
25.0,100,80.421226
11.0,100,80.421232
40.0,100,80.421237
53.0,100,80.421242
30.0,100,80.421247
13.0,100,80.421252
12.0,100,80.545258
37.0,100,80.545286
22.0,100,80.545295
45.0,100,80.545301
45.0,100,80.545306
29.0,100,80.545311
-4.0,100,80.545316
33.0,100,80.54532
31.0,100,80.545325
24.0,100,80.54533
24.0,100,80.669815
16.0,100,80.669837
19.0,100,80.669843
46.0,100,80.669852
47.0,100,80.669857
29.0,100,80.669862
12.0,100,80.669866
25.0,100,80.669871
47.0,100,80.669875
23.0,100,80.669879
36.0,100,80.795139
19.0,100,80.795172
33.0,100,80.79518
15.0,100,80.795185
27.0,100,80.795191
37.0,100,80.795196
16.0,100,80.795201
23.0,100,80.795205
17.0,100,80.79521
39.0,100,80.795214
21.0,100,80.919438
33.0,100,80.919469
8.0,100,80.919478
25.0,100,80.919485
34.0,100,80.919491
5.0,100,80.919497
1.0,100,80.919502
33.0,100,80.919507
29.0,100,80.919512
13.0,100,80.919516
46.0,100,81.044374
8.0,100,81.044403
10.0,100,81.044412
34.0,100,81.044418
15.0,100,81.044423
8.0,100,81.044428
32.0,100,81.044433
33.0,100,81.044438
33.0,100,81.044443
25.0,100,81.044447
35.0,100,81.168863
25.0,100,81.168888
21.0,100,81.168895
47.0,100,81.168901
33.0,100,81.168906
30.0,100,81.168911
36.0,100,81.168916
44.0,100,81.16892
31.0,100,81.168925
19.0,100,81.168932
44.0,100,84.077141
28.0,100,84.077193
22.0,100,84.077203
32.0,100,84.077209
12.0,100,84.077215
34.0,100,84.07722
6.0,100,84.077225
40.0,100,84.07723
39.0,100,84.077235
51.0,100,84.07724
25.0,100,84.206076
26.0,100,84.206126
1.0,100,84.206136
32.0,100,84.206143
26.0,100,84.206149
39.0,100,84.206154
33.0,100,84.20616
10.0,100,84.206165
31.0,100,84.20617
30.0,100,84.206175
31.0,100,84.333326
26.0,100,84.333372
20.0,100,84.33338
41.0,100,84.333387
38.0,100,84.333397
4.0,100,84.333403
19.0,100,84.333408
14.0,100,84.333413
33.0,100,84.333418
26.0,100,84.333423
30.0,100,84.47537
15.0,100,84.47543
20.0,100,84.475441
22.0,100,84.475448
27.0,100,84.475455
39.0,100,84.475461
25.0,100,84.475466
34.0,100,84.475471
31.0,100,84.475476
41.0,100,84.475481
39.0,100,84.616479
-8.0,100,84.616543
0.0,100,84.616556
19.0,100,84.616563
18.0,100,84.616579
32.0,100,84.616585
20.0,100,84.61659
23.0,100,84.616595
37.0,100,84.616599
27.0,100,84.616604
40.0,100,84.745379
31.0,100,84.745411
31.0,100,84.745417
26.0,100,84.745422
37.0,100,84.745427
18.0,100,84.745431
22.0,100,84.745435
18.0,100,84.74544
24.0,100,84.745444
15.0,100,84.745448
36.0,100,84.870335
16.0,100,84.870365
24.0,100,84.870371
13.0,100,84.870377
23.0,100,84.870381
20.0,100,84.870386
17.0,100,84.87039
25.0,100,84.870395
35.0,100,84.8704
27.0,100,84.870405
29.0,100,84.994636
37.0,100,84.994679
35.0,100,84.99469
47.0,100,84.994696
19.0,100,84.994702
20.0,100,84.994707
41.0,100,84.994712
40.0,100,84.994716
30.0,100,84.99472
36.0,100,84.994724
32.0,100,85.119051
42.0,100,85.119084
45.0,100,85.119092
1.0,100,85.119098
17.0,100,85.119103
20.0,100,85.119108
32.0,100,85.119113
24.0,100,85.119117
29.0,100,85.119121
26.0,100,85.119124
43.0,100,85.242316
54.0,100,85.242333
6.0,100,85.242338
42.0,100,85.242343
19.0,100,85.242347
34.0,100,85.242351
41.0,100,85.242355
50.0,100,85.24236
38.0,100,85.242364
14.0,100,85.24237
32.0,100,85.366356
23.0,100,85.366377
23.0,100,85.366382
44.0,100,85.366386
27.0,100,85.366391
45.0,100,85.366395
36.0,100,85.366399
27.0,100,85.366403
37.0,100,85.366406
11.0,100,85.36641
41.0,100,85.49114
43.0,100,85.491182
28.0,100,85.491193
17.0,100,85.491199
38.0,100,85.491205
35.0,100,85.491209
23.0,100,85.491214
27.0,100,85.491218
47.0,100,85.491222
45.0,100,85.491226
23.0,100,85.616166
33.0,100,85.616193
25.0,100,85.616198
31.0,100,85.616203
28.0,100,85.616207
27.0,100,85.616211
50.0,100,85.616215
28.0,100,85.616219
47.0,100,85.616223
28.0,100,85.616226
48.0,100,85.740284
30.0,100,85.740306
38.0,100,85.740319
45.0,100,85.740325
52.0,100,85.74033
25.0,100,85.740334
31.0,100,85.740338
19.0,100,85.740342
41.0,100,85.740346
37.0,100,85.740349
28.0,100,85.863965
30.0,100,85.863975
15.0,100,85.86398
14.0,100,85.863985
59.0,100,85.863989
21.0,100,85.863993
33.0,100,85.863996
52.0,100,85.864
38.0,100,85.864004
21.0,100,85.864008
10.0,100,85.987905
39.0,100,85.987917
26.0,100,85.987924
33.0,100,85.987929
14.0,100,85.987938
24.0,100,85.987943
30.0,100,85.987948
17.0,100,85.987952
3.0,100,85.987956
31.0,100,85.98796
31.0,100,86.111865
22.0,100,86.111874
41.0,100,86.11188
8.0,100,86.111884
49.0,100,86.111889
22.0,100,86.111892
41.0,100,86.111896
36.0,100,86.1119
37.0,100,86.111904
10.0,100,86.111908
10.0,100,86.235894
29.0,100,86.235905
33.0,100,86.23591
37.0,100,86.235916
16.0,100,86.23592
18.0,100,86.235924
25.0,100,86.235929
11.0,100,86.235933
25.0,100,86.235936
4.0,100,86.235941
42.0,100,86.36038
45.0,100,86.36039
40.0,100,86.360395
17.0,100,86.360399
24.0,100,86.360403
55.0,100,86.360407
52.0,100,86.360411
64.0,100,86.360415
18.0,100,86.360418
34.0,100,86.360422
29.0,100,86.484245
24.0,100,86.484255
33.0,100,86.484259
38.0,100,86.484263
32.0,100,86.484267
31.0,100,86.484271
9.0,100,86.484275
10.0,100,86.484278
15.0,100,86.484282
24.0,100,86.484285
48.0,100,86.608353
32.0,100,86.608362
50.0,100,86.608368
45.0,100,86.608372
26.0,100,86.608376
40.0,100,86.60838
27.0,100,86.608384
23.0,100,86.608388
62.0,100,86.608391
27.0,100,86.608395
34.0,100,89.562289
18.0,100,89.562645
31.0,100,89.562664
19.0,100,89.562674
48.0,100,89.56268
25.0,100,89.56269
26.0,100,89.562695
-3.0,100,89.5627
46.0,100,89.562706
53.0,100,89.562711
45.0,100,89.690573
24.0,100,89.690628
52.0,100,89.690641
6.0,100,89.690648
31.0,100,89.690654
23.0,100,89.69066
24.0,100,89.690666
44.0,100,89.690671
24.0,100,89.690675
17.0,100,89.69068
19.0,100,89.816362
30.0,100,89.816391
41.0,100,89.816399
1.0,100,89.816405
14.0,100,89.81641
55.0,100,89.816415
23.0,100,89.81642
30.0,100,89.816425
37.0,100,89.816431
36.0,100,89.816435
40.0,100,89.940781
26.0,100,89.940793
1.0,100,89.940799
23.0,100,89.940805
40.0,100,89.94081
-7.0,100,89.940815
33.0,100,89.940819
37.0,100,89.940824
1.0,100,89.940828
30.0,100,89.940833
5.0,100,90.06585
43.0,100,90.065877
11.0,100,90.065886
44.0,100,90.065892
48.0,100,90.065897
21.0,100,90.065902
50.0,100,90.065906
22.0,100,90.065911
32.0,100,90.065915
20.0,100,90.06592
-4.0,100,90.190468
25.0,100,90.190484
48.0,100,90.190492
35.0,100,90.190498
34.0,100,90.190503
18.0,100,90.190507
19.0,100,90.190511
0.0,100,90.190516
9.0,100,90.19052
57.0,100,90.190524
47.0,100,90.315328
36.0,100,90.315338
40.0,100,90.315343
47.0,100,90.315347
40.0,100,90.315351
31.0,100,90.315355
26.0,100,90.315359
27.0,100,90.315363
63.0,100,90.315367
31.0,100,90.31537
11.0,100,90.440076
28.0,100,90.440114
33.0,100,90.440126
21.0,100,90.440132
25.0,100,90.440137
26.0,100,90.440141
56.0,100,90.440146
34.0,100,90.44015
44.0,100,90.440154
36.0,100,90.440158
11.0,100,90.566527
26.0,100,90.566567
38.0,100,90.566574
39.0,100,90.566582
12.0,100,90.566586
17.0,100,90.56659
18.0,100,90.566594
18.0,100,90.566598
14.0,100,90.566602
40.0,100,90.566609
8.0,100,90.692792
21.0,100,90.69283
7.0,100,90.692837
17.0,100,90.692843
-2.0,100,90.692848
-5.0,100,90.692853
14.0,100,90.692858
-5.0,100,90.692862
-26.0,100,90.692866
-13.0,100,90.69287
43.0,100,90.817482
36.0,100,90.817496
31.0,100,90.817503
33.0,100,90.817508
36.0,100,90.817512
48.0,100,90.817516
31.0,100,90.81752
31.0,100,90.817524
30.0,100,90.817528
39.0,100,90.817532
26.0,100,90.941744
10.0,100,90.941754
29.0,100,90.941759
28.0,100,90.941764
46.0,100,90.941769
28.0,100,90.941773
29.0,100,90.941777
24.0,100,90.941782
44.0,100,90.941786
36.0,100,90.94179
45.0,100,91.065795
28.0,100,91.065806
31.0,100,91.065812
21.0,100,91.065817
4.0,100,91.065822
12.0,100,91.065826
43.0,100,91.06583
45.0,100,91.065834
27.0,100,91.065838
50.0,100,91.065842
34.0,100,91.19019
36.0,100,91.190199
19.0,100,91.190204
31.0,100,91.190209
22.0,100,91.190213
38.0,100,91.190217
43.0,100,91.190221
34.0,100,91.190224
37.0,100,91.190228
42.0,100,91.190231
60.0,100,91.314582
44.0,100,91.314592
35.0,100,91.314598
30.0,100,91.314602
29.0,100,91.314606
29.0,100,91.314611
32.0,100,91.314615
33.0,100,91.314619
27.0,100,91.314623
30.0,100,91.314627
4.0,100,91.439448
39.0,100,91.439468
27.0,100,91.439474
17.0,100,91.439479
11.0,100,91.439483
20.0,100,91.439487
37.0,100,91.439491
32.0,100,91.439495
35.0,100,91.439498
-2.0,100,91.439502
6.0,100,91.56469
28.0,100,91.564711
33.0,100,91.564716
33.0,100,91.564721
21.0,100,91.564725
7.0,100,91.564728
27.0,100,91.564732
13.0,100,91.564736
24.0,100,91.564739
9.0,100,91.564743
43.0,100,91.689161
34.0,100,91.68918
27.0,100,91.689187
20.0,100,91.689193
28.0,100,91.689198
36.0,100,91.689202
46.0,100,91.689207
34.0,100,91.689211
7.0,100,91.689215
46.0,100,91.689219
39.0,100,91.81335
35.0,100,91.813368
27.0,100,91.813376
30.0,100,91.813384
38.0,100,91.81339
21.0,100,91.813394
18.0,100,91.813399
30.0,100,91.813404
30.0,100,91.813408
29.0,100,91.813412
36.0,100,91.937323
6.0,100,91.937332
38.0,100,91.937337
40.0,100,91.937342
37.0,100,91.937346
44.0,100,91.93735
24.0,100,91.937354
46.0,100,91.937357
12.0,100,91.937361
37.0,100,91.937365
33.0,100,94.80585
11.0,100,94.805903
37.0,100,94.805914
18.0,100,94.805924
32.0,100,94.80593
27.0,100,94.805936
-7.0,100,94.805941
34.0,100,94.805946
41.0,100,94.805951
36.0,100,94.805956
34.0,100,94.929278
28.0,100,94.929298
31.0,100,94.929304
27.0,100,94.92931
47.0,100,94.929315
37.0,100,94.92932
31.0,100,94.929325
36.0,100,94.929329
36.0,100,94.929334
35.0,100,94.929338
21.0,100,95.053646
31.0,100,95.053668
44.0,100,95.053676
28.0,100,95.053683
30.0,100,95.053689
34.0,100,95.053694
17.0,100,95.053699
27.0,100,95.053704
36.0,100,95.053708
27.0,100,95.053713
31.0,100,95.176798
22.0,100,95.176819
23.0,100,95.176832
28.0,100,95.176839
-3.0,100,95.176845
11.0,100,95.17685
31.0,100,95.176855
14.0,100,95.17686
16.0,100,95.176864
33.0,100,95.176869
24.0,100,95.301831
15.0,100,95.301871
28.0,100,95.30188
43.0,100,95.301888
35.0,100,95.301894
33.0,100,95.3019
10.0,100,95.301905
18.0,100,95.30191
33.0,100,95.301915
38.0,100,95.301919
33.0,100,95.424664
26.0,100,95.424686
44.0,100,95.424696
32.0,100,95.424703
32.0,100,95.424709
23.0,100,95.424714
38.0,100,95.424719
51.0,100,95.424724
27.0,100,95.424729
31.0,100,95.424733
35.0,100,95.547887
33.0,100,95.547909
46.0,100,95.547919
23.0,100,95.547926
25.0,100,95.547932
7.0,100,95.547938
21.0,100,95.547943
46.0,100,95.547949
34.0,100,95.547954
36.0,100,95.54796
15.0,100,95.671116
15.0,100,95.67113
45.0,100,95.671137
27.0,100,95.671143
7.0,100,95.671148
24.0,100,95.671153
44.0,100,95.671158
17.0,100,95.671163
12.0,100,95.671167
30.0,100,95.671172
38.0,100,95.794296
25.0,100,95.794306
37.0,100,95.794311
37.0,100,95.794316
31.0,100,95.794321
41.0,100,95.794325
49.0,100,95.79433
26.0,100,95.794334
32.0,100,95.794338
38.0,100,95.794343
18.0,100,95.917582
33.0,100,95.917594
23.0,100,95.917601
30.0,100,95.917606
20.0,100,95.917612
5.0,100,95.917619
24.0,100,95.917624
28.0,100,95.917629
39.0,100,95.917634
17.0,100,95.917639
-8.0,100,96.041024
-4.0,100,96.041033
-6.0,100,96.041039
0.0,100,96.041044
-40.0,100,96.041051
20.0,100,96.041056
-6.0,100,96.04106
-8.0,100,96.041064
-12.0,100,96.041069
-18.0,100,96.041073
48.0,100,96.163608
42.0,100,96.16362
41.0,100,96.163626
32.0,100,96.163632
31.0,100,96.163638
33.0,100,96.163643
42.0,100,96.163648
25.0,100,96.163652
19.0,100,96.16366
16.0,100,96.163665
21.0,100,96.286924
19.0,100,96.286936
34.0,100,96.286942
21.0,100,96.286947
-5.0,100,96.286952
22.0,100,96.286957
16.0,100,96.286961
22.0,100,96.286966
42.0,100,96.28697
14.0,100,96.286974
12.0,100,96.410085
22.0,100,96.410096
29.0,100,96.410101
28.0,100,96.410106
27.0,100,96.410111
24.0,100,96.410115
32.0,100,96.410119
16.0,100,96.410124
9.0,100,96.410128
21.0,100,96.410132
33.0,100,96.533635
20.0,100,96.533647
33.0,100,96.533655
30.0,100,96.533661
40.0,100,96.533666
20.0,100,96.53367
18.0,100,96.533675
26.0,100,96.53368
51.0,100,96.533684
21.0,100,96.533689
45.0,100,96.65684
35.0,100,96.65685
18.0,100,96.656859
41.0,100,96.656864
34.0,100,96.656869
35.0,100,96.656874
42.0,100,96.656878
50.0,100,96.656883
34.0,100,96.656888
35.0,100,96.656892
26.0,100,96.779517
20.0,100,96.77953
33.0,100,96.779536
36.0,100,96.779541
33.0,100,96.779546
24.0,100,96.779551
50.0,100,96.779556
35.0,100,96.77956
48.0,100,96.779565
38.0,100,96.779569
21.0,100,96.902136
30.0,100,96.902146
39.0,100,96.902152
38.0,100,96.902157
26.0,100,96.902161
27.0,100,96.902166
7.0,100,96.90217
34.0,100,96.902175
-2.0,100,96.90218
-13.0,100,96.902184
24.0,100,97.024685
29.0,100,97.024697
33.0,100,97.024707
42.0,100,97.024713
57.0,100,97.024718
40.0,100,97.024726
24.0,100,97.024731
35.0,100,97.024736
43.0,100,97.024741
27.0,100,97.024745
30.0,100,97.148087
28.0,100,97.148098
12.0,100,97.148104
7.0,100,97.14811
23.0,100,97.148115
21.0,100,97.14812
17.0,100,97.148124
31.0,100,97.148129
25.0,100,97.148133
40.0,100,97.148138
16.0,100,97.271119
34.0,100,97.271129
19.0,100,97.271135
48.0,100,97.27114
24.0,100,97.271145
33.0,100,97.271149
55.0,100,97.271154
27.0,100,97.271158
23.0,100,97.271162
37.0,100,97.271166
28.0,100,100.091501
17.0,100,100.091552
33.0,100,100.091565
30.0,100,100.091572
54.0,100,100.091578
42.0,100,100.091584
34.0,100,100.09159
38.0,100,100.091595
7.0,100,100.091599
24.0,100,100.091607
25.0,100,100.216575
45.0,100,100.216599
32.0,100,100.21661
35.0,100,100.216617
45.0,100,100.216623
25.0,100,100.216628
42.0,100,100.216634
30.0,100,100.216639
63.0,100,100.216643
48.0,100,100.216648
36.0,100,100.34024
39.0,100,100.34026
29.0,100,100.34027
30.0,100,100.340276
55.0,100,100.340282
49.0,100,100.34029
30.0,100,100.340296
37.0,100,100.340301
16.0,100,100.340306
17.0,100,100.340313
33.0,100,100.465067
39.0,100,100.465086
27.0,100,100.465092
37.0,100,100.465097
25.0,100,100.465102
48.0,100,100.465107
29.0,100,100.465116
21.0,100,100.465121
31.0,100,100.465125
41.0,100,100.465129
35.0,100,100.58919
24.0,100,100.58921
3.0,100,100.589219
47.0,100,100.589227
38.0,100,100.589233
31.0,100,100.589238
28.0,100,100.589243
12.0,100,100.589249
25.0,100,100.589253
41.0,100,100.589258
39.0,100,100.719059
43.0,100,100.719108
35.0,100,100.719118
34.0,100,100.719126
31.0,100,100.719132
19.0,100,100.719142
33.0,100,100.719148
35.0,100,100.719153
8.0,100,100.719158
33.0,100,100.719164
41.0,100,100.843186
32.0,100,100.843205
50.0,100,100.843214
36.0,100,100.843221
30.0,100,100.843226
23.0,100,100.843232
31.0,100,100.843237
24.0,100,100.843242
22.0,100,100.843247
-1.0,100,100.843252
40.0,100,100.96919
26.0,100,100.969228
28.0,100,100.969235
28.0,100,100.969243
26.0,100,100.969248
1.0,100,100.969253
30.0,100,100.969258
19.0,100,100.969262
5.0,100,100.969267
25.0,100,100.969272
27.0,100,101.096327
33.0,100,101.096368
45.0,100,101.096375
-16.0,100,101.096381
28.0,100,101.096386
23.0,100,101.096391
26.0,100,101.096395
34.0,100,101.0964
37.0,100,101.096405
22.0,100,101.096409
10.0,100,101.221269
36.0,100,101.221309
51.0,100,101.221321
39.0,100,101.221328
34.0,100,101.221334
42.0,100,101.22134
41.0,100,101.221349
29.0,100,101.221354
24.0,100,101.221359
19.0,100,101.221367
31.0,100,101.346831
39.0,100,101.346853
47.0,100,101.346862
21.0,100,101.346869
24.0,100,101.346874
34.0,100,101.34688
32.0,100,101.346885
39.0,100,101.34689
4.0,100,101.346895
48.0,100,101.3469
47.0,100,101.471154
39.0,100,101.471169
14.0,100,101.471184
8.0,100,101.47119
3.0,100,101.471195
28.0,100,101.4712
23.0,100,101.47121
14.0,100,101.471215
15.0,100,101.47122
17.0,100,101.471225
17.0,100,101.602603
25.0,100,101.602974
18.0,100,101.602987
37.0,100,101.602996
10.0,100,101.603003
28.0,100,101.603011
29.0,100,101.603018
36.0,100,101.603024
40.0,100,101.603031
33.0,100,101.603036
40.0,100,101.726989
35.0,100,101.727001
20.0,100,101.727007
26.0,100,101.727013
22.0,100,101.727018
37.0,100,101.727023
32.0,100,101.727028
45.0,100,101.727033
45.0,100,101.727037
22.0,100,101.727042
23.0,100,101.850675
13.0,100,101.850695
25.0,100,101.850704
18.0,100,101.850713
17.0,100,101.850719
0.0,100,101.850723
14.0,100,101.850728
31.0,100,101.850733
31.0,100,101.850737
4.0,100,101.850742
40.0,100,101.973505
37.0,100,101.973519
41.0,100,101.973528
39.0,100,101.973534
9.0,100,101.97354
33.0,100,101.973545
13.0,100,101.973551
44.0,100,101.973555
37.0,100,101.97356
20.0,100,101.973565
30.0,100,102.096441
40.0,100,102.096454
12.0,100,102.096461
43.0,100,102.096466
33.0,100,102.096471
37.0,100,102.096476
52.0,100,102.096481
20.0,100,102.096485
31.0,100,102.096489
16.0,100,102.096494
47.0,100,102.234404
33.0,100,102.234452
47.0,100,102.234462
46.0,100,102.23447
35.0,100,102.234476
48.0,100,102.234481
32.0,100,102.234486
18.0,100,102.234491
29.0,100,102.234496
12.0,100,102.234502
35.0,100,102.360495
44.0,100,102.360545
51.0,100,102.360555
31.0,100,102.360561
20.0,100,102.360567
31.0,100,102.360572
31.0,100,102.360577
40.0,100,102.360582
40.0,100,102.360587
49.0,100,102.360594
27.0,100,102.488485
33.0,100,102.488529
40.0,100,102.48854
33.0,100,102.488547
39.0,100,102.488557
31.0,100,102.488563
18.0,100,102.488568
26.0,100,102.488574
34.0,100,102.488579
19.0,100,102.488584
